FECHA,COMBINACIÃ“N GANADORA,,,,,,COMP.,R.,JOKER
29/12/2012,02,03,07,10,21,38,12,8,9492660
27/12/2012,02,05,31,33,43,49,47,2,7662404
22/12/2012,02,27,29,34,35,40,48,4,7289497
20/12/2012,12,21,22,36,47,49,38,5,2415676
15/12/2012,04,08,34,36,37,44,14,3,3120524
13/12/2012,13,15,26,39,41,43,25,4,8445338
8/12/2012,07,08,17,21,33,37,39,9,3129616
6/12/2012,04,10,12,14,15,29,44,2,2768146
1/12/2012,06,19,22,24,30,31,21,4,5973604
29/11/2012,02,11,16,20,23,41,35,0,3610653
24/11/2012,08,09,14,19,22,32,43,6,4859276
22/11/2012,10,17,18,42,45,47,06,8,7488649
17/11/2012,01,06,10,30,42,49,38,3,7017877
15/11/2012,09,18,20,29,33,47,40,6,2214456
10/11/2012,03,10,12,15,21,46,29,1,7472541
8/11/2012,05,07,12,23,38,43,19,1,3502675
3/11/2012,04,10,18,19,21,39,45,3,3155411
1/11/2012,07,08,12,29,34,36,24,2,1619710
27/10/2012,01,25,26,38,41,49,03,7,5999876
25/10/2012,07,14,20,26,30,44,22,5,7630076
20/10/2012,03,06,29,41,43,44,46,6,9426943
18/10/2012,01,02,05,09,17,31,30,3,1180158
13/10/2012,02,13,14,24,35,38,33,2,3302587
11/10/2012,09,15,16,23,31,40,29,1,2465092
6/10/2012,05,06,09,15,26,41,08,8,7101279
4/10/2012,05,06,07,27,43,47,09,0,7049057
29/09/2012,02,09,23,34,38,45,15,4,7130384
27/09/2012,02,05,10,31,42,45,11,9,8533540
22/09/2012,16,20,31,33,34,45,10,4,
20/09/2012,05,06,12,29,35,38,25,3,
15/09/2012,01,03,27,42,47,48,28,9,
13/09/2012,07,09,11,12,33,40,27,5,
8/09/2012,05,07,08,10,44,49,34,5,
6/09/2012,03,21,24,37,41,44,29,7,
1/09/2012,10,18,34,40,43,45,19,2,
30/08/2012,01,02,12,15,23,39,22,5,
25/08/2012,17,19,34,39,41,45,22,1,
23/08/2012,03,10,13,20,24,48,38,5,
18/08/2012,11,16,27,39,40,48,45,8,
16/08/2012,01,11,14,25,28,47,49,7,
11/08/2012,01,14,17,20,31,44,10,5,
9/08/2012,18,19,31,39,40,43,04,9,
4/08/2012,01,06,10,16,18,20,21,6,
2/08/2012,01,03,04,14,28,30,43,0,
28/07/2012,16,18,24,27,30,49,11,2,
26/07/2012,10,25,28,30,31,48,07,3,
21/07/2012,06,10,21,30,37,40,35,3,
19/07/2012,12,13,19,29,36,40,37,4,
14/07/2012,04,07,09,40,41,45,10,9,
12/07/2012,21,31,40,42,47,49,24,6,
7/07/2012,03,15,31,34,38,44,22,4,
5/07/2012,10,12,16,20,26,29,37,5,
30/06/2012,10,17,24,37,40,43,03,1,
28/06/2012,14,25,29,40,42,47,37,4,
23/06/2012,07,14,17,21,26,40,35,2,
21/06/2012,32,33,35,37,39,41,29,1,
16/06/2012,04,06,07,20,35,44,19,0,
14/06/2012,07,09,14,21,26,42,01,9,
9/06/2012,06,09,22,31,42,44,17,2,
7/06/2012,04,17,26,28,31,37,20,7,
2/06/2012,06,07,21,26,33,44,12,0,
31/05/2012,04,06,38,40,48,49,44,3,
26/05/2012,01,02,16,27,30,33,44,2,
24/05/2012,13,17,42,43,45,48,18,2,
19/05/2012,01,07,13,42,44,49,45,8,
17/05/2012,02,06,15,39,40,45,30,1,
12/05/2012,05,13,19,25,27,44,49,8,
10/05/2012,01,11,17,24,37,48,15,4,
5/05/2012,15,19,23,26,33,49,39,4,
3/05/2012,01,05,07,22,35,43,40,0,
28/04/2012,07,15,19,23,43,45,16,0,
26/04/2012,18,27,30,40,41,45,05,1,
21/04/2012,11,18,24,31,35,41,16,0,
19/04/2012,07,08,23,30,35,45,04,3,
14/04/2012,05,06,10,18,40,46,11,8,
12/04/2012,03,09,20,22,35,48,32,6,
7/04/2012,10,17,24,28,38,42,43,2,
5/04/2012,04,09,11,20,28,41,31,2,
31/03/2012,08,12,17,18,34,36,19,9,
29/03/2012,04,10,13,26,39,48,43,5,
24/03/2012,08,18,29,31,43,47,15,2,
22/03/2012,01,04,10,18,26,31,28,0,
17/03/2012,10,24,25,28,30,37,11,5,
15/03/2012,02,07,17,23,34,46,36,2,
10/03/2012,10,19,22,23,30,35,04,0,
8/03/2012,01,06,17,21,36,46,35,8,
3/03/2012,13,18,23,32,39,49,25,6,
1/03/2012,26,29,31,35,38,39,17,2,
25/02/2012,02,03,11,27,41,45,09,3,
23/02/2012,01,23,30,33,46,47,44,7,
18/02/2012,05,19,21,30,34,48,12,9,
16/02/2012,09,14,22,28,35,42,16,6,
11/02/2012,06,07,09,16,19,34,05,1,
9/02/2012,03,20,24,28,32,49,10,4,
4/02/2012,09,12,21,38,45,47,34,5,
2/02/2012,03,09,13,24,40,46,17,2,
28/01/2012,02,11,22,25,44,47,37,5,
26/01/2012,15,23,29,33,39,47,42,3,
21/01/2012,25,32,35,38,46,48,28,2,
19/01/2012,18,22,26,30,31,43,10,8,
14/01/2012,18,27,33,40,47,48,21,3,
12/01/2012,02,05,10,19,24,31,13,5,
7/01/2012,12,17,19,29,38,41,35,0,
5/01/2012,04,22,25,28,37,46,03,5,
31/12/2011,13,15,17,21,44,47,18,9,
29/12/2011,22,23,33,40,41,43,47,2,
24/12/2011,16,22,23,27,43,44,18,9,
22/12/2011,03,10,20,31,39,44,26,1,
17/12/2011,06,21,32,41,46,47,02,2,
15/12/2011,01,05,09,10,23,44,26,6,
10/12/2011,01,30,31,44,46,48,06,2,
8/12/2011,11,15,18,22,30,49,33,7,
3/12/2011,10,11,13,19,25,49,46,2,
1/12/2011,02,15,18,26,32,45,19,1,
26/11/2011,18,24,29,32,39,49,10,0,
24/11/2011,06,08,23,31,33,40,39,3,
19/11/2011,09,10,13,21,24,28,17,9,
17/11/2011,05,13,16,28,45,46,43,1,
12/11/2011,05,33,35,40,45,46,13,4,
10/11/2011,08,11,37,39,41,45,05,9,
5/11/2011,07,11,23,30,32,34,19,0,
3/11/2011,11,21,27,33,40,41,15,1,
29/10/2011,13,18,26,35,47,49,19,5,
27/10/2011,08,09,11,20,24,32,31,4,
22/10/2011,16,19,30,32,36,47,11,2,
20/10/2011,01,18,30,32,42,44,08,2,
15/10/2011,04,16,18,29,31,32,01,9,
13/10/2011,18,19,25,31,40,41,13,7,
8/10/2011,17,23,40,42,47,49,05,8,
6/10/2011,04,14,18,27,36,43,32,2,
1/10/2011,09,10,33,37,38,46,39,6,
29/09/2011,07,27,29,31,37,47,24,7,
24/09/2011,06,27,30,34,42,44,18,3,
22/09/2011,08,22,32,33,35,39,28,3,
17/09/2011,02,06,12,24,25,33,48,6,
15/09/2011,11,17,20,36,38,40,13,8,
10/09/2011,03,08,22,30,45,47,44,0,
8/09/2011,05,07,12,19,38,46,20,5,
3/09/2011,01,03,08,21,32,33,34,9,
1/09/2011,04,05,08,12,15,43,14,1,
27/08/2011,07,20,24,29,39,49,48,2,
25/08/2011,10,23,28,35,38,39,25,2,
20/08/2011,07,19,24,39,46,47,03,8,
18/08/2011,04,09,30,32,39,48,35,0,
13/08/2011,02,05,09,15,38,47,01,4,
11/08/2011,05,12,14,16,26,46,17,5,
6/08/2011,15,16,31,43,45,49,28,9,
4/08/2011,21,22,25,30,44,48,38,0,
30/07/2011,06,18,27,29,35,44,46,4,
28/07/2011,05,09,18,20,35,49,21,5,
23/07/2011,03,12,13,24,30,34,35,9,
21/07/2011,05,21,30,33,39,47,40,9,
16/07/2011,16,19,32,33,35,38,04,5,
14/07/2011,02,16,19,26,46,49,36,4,
9/07/2011,04,06,15,22,30,40,13,3,
7/07/2011,10,14,18,22,25,26,06,2,
2/07/2011,01,03,13,21,34,35,30,9,
30/06/2011,14,16,26,31,43,46,34,2,
25/06/2011,11,17,20,28,31,39,21,1,
23/06/2011,08,16,28,29,30,33,39,0,
18/06/2011,04,11,21,22,40,41,33,1,
16/06/2011,01,02,20,22,28,47,24,7,
11/06/2011,02,35,40,42,43,45,32,6,
9/06/2011,03,06,10,25,42,49,01,1,
4/06/2011,04,05,22,32,34,46,18,3,
2/06/2011,15,27,31,40,47,49,44,0,
28/05/2011,12,14,18,20,32,44,35,3,
26/05/2011,09,21,24,31,33,34,32,8,
21/05/2011,11,19,23,35,47,48,37,8,
19/05/2011,17,28,39,44,45,47,29,7,
14/05/2011,04,11,27,36,39,40,08,0,
12/05/2011,12,20,32,33,43,47,25,9,
7/05/2011,02,23,24,30,31,37,39,0,
5/05/2011,01,08,09,27,29,43,32,7,
30/04/2011,03,18,22,23,34,49,08,2,
28/04/2011,07,09,13,14,18,37,10,9,
23/04/2011,18,22,27,37,44,47,24,0,
21/04/2011,03,14,20,24,30,34,32,0,
16/04/2011,12,17,29,36,37,45,34,6,
14/04/2011,03,08,09,20,32,45,47,9,
9/04/2011,07,18,19,32,33,45,37,8,
7/04/2011,03,17,20,38,41,47,45,0,
2/04/2011,08,10,14,34,39,48,12,4,
31/03/2011,04,16,31,33,34,45,32,9,
26/03/2011,10,28,35,43,44,45,03,4,
24/03/2011,02,25,26,36,37,40,35,8,
19/03/2011,01,10,15,17,34,49,46,4,
17/03/2011,05,08,25,27,43,45,22,7,
12/03/2011,02,14,30,33,38,45,27,8,
10/03/2011,09,10,12,21,24,46,19,9,
5/03/2011,03,24,34,35,36,48,31,1,
3/03/2011,09,26,28,37,43,46,03,7,
26/02/2011,05,06,30,32,44,45,11,0,
24/02/2011,05,07,16,18,26,49,06,7,
19/02/2011,05,06,16,24,43,49,36,5,
17/02/2011,11,16,25,39,40,47,06,2,
12/02/2011,17,29,35,46,47,48,01,9,
10/02/2011,01,04,05,28,45,49,11,8,
5/02/2011,02,11,13,20,27,30,49,5,
3/02/2011,11,21,22,26,37,40,18,6,
29/01/2011,02,17,29,30,37,40,21,8,
27/01/2011,05,07,29,30,33,48,44,5,
22/01/2011,05,13,19,26,38,49,39,3,
20/01/2011,12,18,19,29,30,40,21,4,
15/01/2011,11,13,14,15,16,36,27,1,
13/01/2011,06,09,22,42,43,49,30,2,
8/01/2011,06,07,11,18,38,42,10,8,
6/01/2011,01,11,21,33,34,44,42,4,
1/01/2011,06,09,10,21,23,25,45,4,
30/12/2010,08,12,23,28,32,33,30,5,
25/12/2010,08,11,21,22,37,44,18,2,
23/12/2010,11,21,25,27,42,45,36,4,
18/12/2010,07,19,20,23,28,45,49,6,
16/12/2010,01,29,33,39,40,45,34,1,
11/12/2010,03,07,18,26,37,44,24,1,
9/12/2010,04,12,14,40,41,44,01,1,
4/12/2010,06,08,22,27,33,38,01,1,
2/12/2010,09,14,16,21,26,47,35,6,
27/11/2010,02,06,07,09,22,35,23,6,
25/11/2010,12,19,21,35,37,40,07,0,
20/11/2010,02,07,08,26,30,40,28,6,
18/11/2010,11,19,22,32,40,44,43,2,
13/11/2010,08,25,26,36,42,47,19,0,
11/11/2010,02,14,15,25,44,49,17,6,
6/11/2010,03,07,15,22,28,31,33,6,
4/11/2010,18,34,41,43,44,45,29,0,
30/10/2010,06,16,22,32,33,49,36,6,
28/10/2010,02,24,28,38,46,48,16,6,
23/10/2010,07,08,10,20,30,40,27,7,
21/10/2010,01,04,17,25,29,37,45,2,
16/10/2010,09,11,14,26,39,48,25,3,
14/10/2010,12,25,35,36,38,44,27,6,
9/10/2010,12,15,20,36,37,44,24,5,
7/10/2010,01,22,24,25,26,32,42,7,
2/10/2010,11,18,25,27,35,48,22,1,
30/09/2010,11,24,26,33,40,44,36,2,
25/09/2010,02,11,34,43,47,49,41,6,
23/09/2010,03,12,34,40,41,43,22,3,
18/09/2010,06,10,21,36,44,48,38,5,
16/09/2010,11,14,24,28,45,48,32,4,
11/09/2010,02,08,18,25,30,41,09,8,
9/09/2010,02,26,39,40,45,47,05,6,
4/09/2010,02,15,27,33,45,49,11,1,
2/09/2010,03,10,12,18,19,22,06,8,
28/08/2010,14,18,32,38,40,44,48,2,
26/08/2010,07,24,35,36,46,49,43,8,
21/08/2010,02,07,08,10,39,49,32,3,
19/08/2010,02,05,21,22,26,39,20,9,
14/08/2010,14,22,28,37,40,41,23,6,
12/08/2010,08,13,22,25,28,46,03,4,
7/08/2010,10,13,15,20,28,30,35,1,
5/08/2010,16,24,27,41,48,49,31,1,
31/07/2010,13,15,24,27,29,43,14,5,
29/07/2010,26,31,38,41,47,49,48,7,
24/07/2010,02,08,17,28,37,42,44,3,
22/07/2010,03,16,32,36,40,43,27,0,
17/07/2010,14,18,25,27,29,46,30,3,
15/07/2010,02,14,18,30,31,36,47,3,
10/07/2010,23,32,34,38,42,45,14,6,
8/07/2010,01,07,16,22,31,36,28,6,
3/07/2010,06,11,12,13,20,31,29,3,
1/07/2010,14,15,29,30,32,43,26,4,
26/06/2010,06,12,15,19,33,43,37,3,
24/06/2010,01,12,15,21,26,41,39,3,
19/06/2010,03,07,18,20,34,37,09,4,
17/06/2010,04,14,21,28,30,46,03,8,
12/06/2010,01,08,15,20,25,36,24,5,
10/06/2010,11,17,23,29,31,47,21,2,
5/06/2010,03,12,20,28,41,42,38,5,
3/06/2010,13,15,17,24,33,41,32,7,
29/05/2010,09,22,33,37,43,48,18,6,
27/05/2010,21,28,31,33,37,46,45,7,
22/05/2010,05,12,15,39,48,49,35,9,
20/05/2010,05,07,09,15,22,46,20,4,
15/05/2010,10,26,27,35,36,42,14,4,
13/05/2010,06,29,36,45,47,48,05,6,
8/05/2010,01,05,13,14,24,28,17,6,
6/05/2010,05,23,36,38,39,47,02,7,
1/05/2010,04,10,28,36,39,42,48,1,
29/04/2010,01,04,10,28,29,40,24,3,
24/04/2010,02,03,05,11,38,39,27,2,
22/04/2010,05,06,09,16,33,36,26,2,
17/04/2010,03,13,18,21,27,37,36,4,
15/04/2010,01,17,20,29,38,39,48,9,
10/04/2010,05,28,29,38,44,45,03,7,
8/04/2010,01,11,26,34,42,49,32,5,
3/04/2010,03,12,21,27,39,43,07,8,
1/04/2010,02,05,08,20,40,43,28,5,
27/03/2010,01,05,15,23,25,28,18,0,
25/03/2010,02,14,15,17,23,48,42,6,
20/03/2010,04,10,14,22,37,46,25,0,
18/03/2010,08,11,14,37,39,40,32,1,
13/03/2010,08,11,22,31,33,47,30,0,
11/03/2010,11,16,24,25,31,35,29,4,
6/03/2010,07,14,20,29,31,32,35,4,
4/03/2010,04,23,24,30,33,48,25,0,
27/02/2010,03,07,22,24,27,44,30,5,
25/02/2010,02,03,04,05,13,44,38,1,
20/02/2010,13,14,18,20,33,45,35,7,
18/02/2010,26,30,34,38,39,41,03,4,
13/02/2010,06,15,17,19,20,30,48,5,
11/02/2010,06,10,25,28,32,37,21,7,
6/02/2010,05,07,17,19,21,42,02,2,
4/02/2010,01,11,19,26,35,47,40,6,
30/01/2010,01,05,08,26,40,48,33,4,
28/01/2010,16,17,18,19,21,32,36,5,
23/01/2010,09,11,13,28,33,40,22,8,
21/01/2010,07,08,14,18,43,44,24,0,
16/01/2010,05,08,19,34,35,47,14,2,
14/01/2010,01,02,04,20,33,48,12,4,
9/01/2010,13,26,29,30,31,43,40,2,
7/01/2010,19,24,25,38,43,49,22,3,
2/01/2010,01,04,15,24,43,48,28,9,
31/12/2009,17,19,20,30,34,37,41,3,
26/12/2009,02,05,26,34,38,45,33,0,
24/12/2009,08,27,30,38,42,43,49,6,
19/12/2009,09,25,42,43,44,49,28,8,
17/12/2009,07,16,28,32,42,46,25,7,
12/12/2009,04,10,21,23,28,48,29,2,
10/12/2009,13,21,24,26,32,34,39,6,
5/12/2009,02,08,09,13,16,44,05,3,
3/12/2009,05,07,09,36,46,48,21,1,
28/11/2009,09,10,38,45,46,47,19,6,
26/11/2009,30,40,46,47,48,49,16,3,
21/11/2009,14,15,17,21,42,48,11,5,
19/11/2009,14,22,30,31,34,46,29,2,
14/11/2009,06,21,30,31,36,47,35,9,
12/11/2009,05,16,18,23,34,36,17,1,
7/11/2009,15,30,33,40,47,48,31,6,
5/11/2009,03,10,14,18,34,36,44,8,
31/10/2009,02,19,24,34,42,46,12,5,
29/10/2009,01,14,28,33,38,40,13,3,
24/10/2009,07,16,21,25,27,28,01,9,
22/10/2009,15,17,30,33,42,44,06,8,
17/10/2009,03,15,31,44,46,49,28,2,
15/10/2009,03,06,18,23,39,41,46,4,
10/10/2009,03,09,14,18,20,35,02,8,
8/10/2009,07,22,28,29,39,46,26,3,
3/10/2009,03,20,27,35,42,47,32,6,
1/10/2009,05,15,20,29,38,39,48,6,
26/09/2009,11,32,35,43,45,48,18,7,
24/09/2009,04,05,12,14,27,44,29,7,
19/09/2009,01,02,03,16,22,31,28,6,
17/09/2009,33,35,36,38,41,42,11,5,
12/09/2009,12,17,24,25,26,43,45,4,
10/09/2009,07,10,11,13,14,15,45,3,
5/09/2009,08,09,11,29,37,40,07,7,
3/09/2009,02,06,08,11,13,37,24,8,
29/08/2009,06,11,28,32,37,41,27,5,
27/08/2009,03,25,40,44,45,49,43,9,
22/08/2009,03,08,14,22,37,49,31,7,
20/08/2009,09,15,24,36,38,39,11,2,
15/08/2009,13,17,26,39,42,48,15,2,
13/08/2009,03,14,22,25,35,45,43,3,
8/08/2009,02,06,13,19,31,35,40,0,
6/08/2009,12,17,18,19,31,48,39,3,
1/08/2009,06,20,25,41,44,49,45,2,
30/07/2009,09,27,38,39,44,45,48,8,
25/07/2009,04,10,18,25,27,29,15,5,
23/07/2009,02,03,10,19,47,49,36,5,
18/07/2009,05,14,22,28,30,38,17,0,
16/07/2009,02,05,08,14,34,44,36,2,
11/07/2009,01,11,35,36,43,47,09,6,
9/07/2009,02,07,13,20,27,30,35,2,
4/07/2009,08,12,13,14,16,37,43,8,
2/07/2009,02,15,24,29,41,42,07,8,
27/06/2009,01,22,23,36,43,45,11,5,
25/06/2009,11,16,17,21,27,29,48,7,
20/06/2009,08,13,17,23,33,37,12,8,
18/06/2009,10,12,18,29,39,46,07,4,
13/06/2009,02,10,18,24,36,44,31,2,
11/06/2009,17,32,33,39,40,41,23,5,
6/06/2009,02,17,28,32,42,47,33,9,
4/06/2009,04,10,14,25,41,46,05,6,
30/05/2009,03,09,11,13,17,22,14,3,
28/05/2009,01,17,31,39,44,48,27,0,
23/05/2009,05,06,17,22,41,47,25,9,
21/05/2009,03,05,16,26,36,49,40,4,
16/05/2009,08,26,28,29,32,34,36,6,
14/05/2009,09,14,23,29,40,43,18,0,
9/05/2009,03,05,13,23,39,43,26,5,
7/05/2009,07,17,21,30,34,40,04,2,
2/05/2009,04,07,11,15,16,49,32,9,
30/04/2009,04,11,16,31,42,44,12,9,
25/04/2009,01,08,17,21,39,48,05,8,
23/04/2009,13,21,23,24,34,40,29,2,
18/04/2009,03,05,07,09,16,31,11,4,
16/04/2009,08,11,14,19,20,47,40,0,
11/04/2009,02,06,18,28,31,38,03,1,
9/04/2009,06,15,27,35,37,47,42,2,
4/04/2009,02,19,28,31,37,40,06,7,
2/04/2009,01,03,09,14,24,39,41,8,
28/03/2009,12,14,23,36,40,49,11,2,
26/03/2009,08,12,17,23,29,34,06,0,
21/03/2009,14,17,25,41,45,47,48,6,
19/03/2009,05,27,29,32,41,45,39,2,
14/03/2009,01,15,28,34,44,45,46,4,
12/03/2009,04,09,12,19,36,48,24,3,
7/03/2009,04,18,22,34,37,43,49,8,
5/03/2009,04,07,29,44,45,46,30,6,
28/02/2009,12,19,40,42,48,49,29,7,
26/02/2009,06,14,30,40,45,46,18,0,
21/02/2009,02,03,22,24,34,46,01,1,
19/02/2009,04,08,16,20,38,39,33,3,
14/02/2009,06,10,25,29,33,44,38,8,
12/02/2009,05,08,24,35,41,49,16,2,
7/02/2009,05,09,10,17,36,49,41,8,
5/02/2009,03,08,13,19,20,27,36,0,
31/01/2009,08,12,26,36,47,49,21,3,
29/01/2009,01,09,16,30,42,44,02,4,
24/01/2009,03,11,19,24,27,38,06,8,
22/01/2009,02,03,28,33,47,48,27,3,
17/01/2009,05,12,19,22,45,46,39,1,
15/01/2009,02,04,12,15,17,41,08,6,
10/01/2009,01,16,27,28,41,46,25,8,
8/01/2009,07,17,27,28,29,44,04,5,
3/01/2009,09,11,21,30,31,44,15,1,
1/01/2009,04,08,12,25,34,46,20,1,
27/12/2008,05,14,34,39,42,45,03,7,
25/12/2008,07,16,17,31,34,43,08,7,
20/12/2008,08,22,33,34,36,46,13,3,
18/12/2008,01,12,17,26,33,41,31,0,
13/12/2008,07,08,10,20,30,36,24,7,
11/12/2008,03,09,14,37,42,45,17,5,
6/12/2008,13,16,21,29,39,45,42,9,
4/12/2008,01,04,09,26,37,49,30,6,
29/11/2008,08,20,27,28,35,46,31,9,
27/11/2008,12,16,20,25,37,38,07,4,
22/11/2008,03,04,06,08,11,16,48,5,
20/11/2008,07,16,22,29,34,36,13,6,
15/11/2008,04,08,17,27,30,48,47,6,
13/11/2008,02,05,07,16,19,32,23,7,
8/11/2008,04,21,26,39,43,47,42,3,
6/11/2008,05,08,20,23,24,32,10,6,
1/11/2008,02,21,33,36,38,48,19,1,
30/10/2008,01,06,11,15,38,40,13,8,
25/10/2008,07,22,32,34,39,46,20,6,
23/10/2008,03,15,19,29,42,49,05,5,
18/10/2008,03,33,34,37,38,45,05,7,
16/10/2008,13,20,21,23,32,45,33,9,
11/10/2008,04,14,23,28,31,42,40,2,
9/10/2008,02,11,16,22,31,32,21,2,
4/10/2008,04,07,14,16,20,24,26,8,
2/10/2008,02,13,24,38,45,47,37,1,
27/09/2008,02,05,07,17,47,48,23,5,
25/09/2008,20,25,30,37,39,40,24,3,
20/09/2008,04,05,19,23,42,47,06,1,
18/09/2008,05,32,33,39,41,48,38,8,
13/09/2008,07,17,25,27,39,49,26,9,
11/09/2008,03,15,22,24,33,39,32,3,
6/09/2008,03,04,06,08,28,31,15,1,
4/09/2008,04,13,15,28,30,39,38,3,
30/08/2008,07,21,22,30,40,47,02,8,
28/08/2008,09,26,29,34,44,47,04,0,
23/08/2008,12,17,28,32,40,46,24,9,
21/08/2008,01,04,07,18,30,31,24,5,
16/08/2008,07,09,19,23,27,41,43,5,
14/08/2008,01,04,09,25,37,44,21,6,
9/08/2008,14,17,24,34,37,45,16,4,
7/08/2008,02,12,13,20,38,44,34,2,
2/08/2008,10,20,24,25,30,48,23,8,
31/07/2008,03,04,29,31,34,35,12,1,
26/07/2008,13,17,21,23,27,28,40,6,
24/07/2008,05,17,45,47,48,49,01,4,
19/07/2008,06,09,17,19,23,29,32,2,
17/07/2008,23,27,33,40,43,47,19,6,
12/07/2008,01,02,09,11,16,36,19,3,
10/07/2008,12,18,20,23,27,47,43,0,
5/07/2008,24,29,32,33,41,46,06,1,
3/07/2008,01,10,30,31,36,37,43,5,
28/06/2008,02,23,26,32,38,46,49,7,
26/06/2008,16,17,26,27,34,38,01,8,
21/06/2008,02,09,12,13,27,30,03,7,
19/06/2008,02,19,20,23,28,47,22,7,
14/06/2008,01,03,11,14,15,18,24,4,
12/06/2008,11,13,21,22,30,48,44,5,
7/06/2008,04,07,10,33,38,40,01,5,
5/06/2008,02,04,09,11,26,38,48,1,
31/05/2008,12,27,31,38,48,49,02,8,
29/05/2008,17,23,27,29,38,41,37,6,
24/05/2008,02,07,10,22,26,46,23,5,
22/05/2008,21,26,29,40,41,44,37,5,
17/05/2008,10,11,23,28,29,40,12,5,
15/05/2008,13,19,23,28,40,44,22,9,
10/05/2008,01,17,19,36,45,49,34,0,
8/05/2008,03,05,32,35,41,44,27,5,
3/05/2008,06,19,22,28,29,44,21,6,
1/05/2008,02,17,23,35,41,45,32,6,
26/04/2008,10,14,23,25,38,41,08,8,
24/04/2008,07,24,29,34,40,49,31,8,
19/04/2008,09,17,24,35,37,44,45,8,
17/04/2008,03,04,11,24,37,47,20,7,
12/04/2008,06,17,20,23,28,29,34,3,
10/04/2008,04,25,29,34,45,47,18,8,
5/04/2008,03,07,15,29,36,40,38,8,
3/04/2008,10,17,20,25,38,41,44,8,
29/03/2008,04,06,07,11,16,23,35,6,
27/03/2008,05,08,26,43,46,49,18,9,
22/03/2008,01,03,10,14,15,45,38,3,
20/03/2008,03,04,19,32,35,49,39,7,
15/03/2008,05,08,17,32,36,49,11,2,
13/03/2008,07,08,09,25,41,43,29,7,
8/03/2008,01,03,22,29,33,40,11,2,
6/03/2008,02,14,18,19,25,33,36,4,
1/03/2008,02,05,17,25,28,30,40,4,
28/02/2008,14,17,20,28,34,43,13,4,
23/02/2008,09,12,13,15,37,39,32,6,
21/02/2008,05,09,15,16,35,41,44,8,
16/02/2008,08,14,22,30,36,43,41,2,
14/02/2008,08,11,20,23,48,49,28,9,
9/02/2008,08,12,17,41,42,48,43,7,
7/02/2008,05,28,34,44,47,48,16,3,
2/02/2008,15,19,30,36,42,45,32,3,
31/01/2008,03,04,10,28,39,48,26,8,
26/01/2008,06,11,23,36,41,45,30,4,
24/01/2008,12,20,35,38,39,42,30,1,
19/01/2008,12,14,19,24,32,36,10,3,
17/01/2008,03,23,29,47,48,49,44,8,
12/01/2008,13,16,22,26,27,28,38,0,
10/01/2008,03,15,33,38,48,49,12,1,
5/01/2008,05,11,12,16,27,39,30,6,
3/01/2008,03,17,21,36,46,48,40,8,
29/12/2007,03,20,22,25,27,45,49,5,
27/12/2007,01,10,36,37,47,48,28,7,
22/12/2007,05,11,13,34,35,40,25,0,
20/12/2007,10,13,19,27,33,41,47,5,
15/12/2007,16,26,28,35,38,48,40,9,
13/12/2007,01,02,10,23,32,37,30,1,
8/12/2007,14,32,33,39,43,47,25,8,
6/12/2007,05,23,27,30,32,35,12,7,
1/12/2007,19,22,25,39,48,49,36,1,
29/11/2007,14,18,23,26,37,48,44,4,
24/11/2007,15,24,29,34,35,47,30,9,
22/11/2007,03,06,25,41,42,46,08,6,
17/11/2007,03,34,36,38,42,48,40,3,
15/11/2007,07,24,25,27,32,48,13,8,
10/11/2007,04,08,09,30,33,38,42,4,
8/11/2007,09,16,25,38,40,48,39,2,
3/11/2007,03,05,12,19,29,39,41,1,
1/11/2007,03,29,36,43,45,47,01,9,
27/10/2007,02,11,22,24,41,43,32,1,
25/10/2007,10,11,25,36,39,47,32,4,
20/10/2007,24,27,28,29,40,44,48,1,
18/10/2007,26,29,32,38,42,46,10,7,
13/10/2007,04,06,15,22,27,44,26,4,
11/10/2007,02,30,36,42,44,45,21,6,
6/10/2007,04,11,17,27,34,36,23,1,
4/10/2007,04,19,23,24,31,41,08,5,
29/09/2007,01,04,17,28,29,33,31,2,
27/09/2007,06,30,32,33,46,48,34,5,
22/09/2007,01,21,29,32,35,45,22,3,
20/09/2007,04,06,12,21,36,49,40,3,
15/09/2007,01,19,26,27,30,35,41,5,
13/09/2007,03,14,18,22,23,41,36,3,
8/09/2007,08,12,16,20,29,42,04,7,
6/09/2007,06,11,25,26,37,45,28,4,
1/09/2007,13,18,19,35,39,43,11,3,
30/08/2007,04,06,16,20,22,41,02,4,
25/08/2007,02,05,08,14,46,47,32,1,
23/08/2007,08,22,28,33,36,48,16,7,
18/08/2007,04,25,26,37,46,48,06,3,
16/08/2007,01,06,25,32,38,40,29,9,
11/08/2007,16,19,20,32,37,47,41,7,
9/08/2007,02,05,14,16,25,37,10,1,
4/08/2007,01,12,13,15,36,43,42,5,
2/08/2007,01,19,20,34,38,40,09,1,
28/07/2007,04,10,18,39,41,42,19,0,
26/07/2007,20,29,35,41,46,47,06,9,
21/07/2007,15,17,18,36,41,46,20,6,
19/07/2007,01,07,16,22,28,45,40,0,
14/07/2007,05,10,11,13,35,39,49,5,
12/07/2007,05,23,36,41,45,48,08,9,
7/07/2007,12,26,34,44,46,47,29,0,
5/07/2007,10,13,15,32,47,49,33,9,
30/06/2007,08,22,29,32,35,44,37,06,
28/06/2007,20,25,30,34,42,43,24,6,
23/06/2007,03,17,23,27,42,48,13,3,
21/06/2007,21,25,28,36,41,44,24,5,
16/06/2007,14,18,19,23,28,42,39,0,
14/06/2007,17,19,40,41,44,48,11,5,
9/06/2007,02,04,11,20,35,47,29,9,
7/06/2007,02,28,34,39,46,49,35,5,
2/06/2007,14,24,39,40,45,48,43,2,
31/05/2007,01,07,08,17,30,47,49,7,
26/05/2007,06,19,25,35,37,40,23,2,
24/05/2007,04,06,10,13,33,38,36,0,
19/05/2007,04,09,12,15,20,44,38,3,
17/05/2007,02,05,18,23,37,46,38,5,
12/05/2007,04,19,24,30,31,42,08,4,
10/05/2007,11,23,33,40,42,47,12,9,
5/05/2007,13,20,21,28,41,46,06,5,
3/05/2007,05,10,20,22,36,38,29,5,
28/04/2007,10,19,28,39,40,46,21,7,
26/04/2007,02,22,24,25,46,47,27,9,
21/04/2007,17,25,28,32,38,42,45,6,
19/04/2007,01,02,04,08,09,24,48,4,
14/04/2007,03,09,18,24,29,31,48,0,
12/04/2007,13,15,22,23,39,45,49,8,
7/04/2007,02,03,07,11,18,23,09,5,
5/04/2007,03,08,17,29,39,48,07,5,
31/03/2007,11,12,17,22,26,31,16,8,
29/03/2007,04,07,26,31,48,49,29,6,
24/03/2007,04,11,18,31,42,47,36,2,
22/03/2007,05,16,17,20,38,43,23,0,
17/03/2007,02,10,25,37,38,40,30,2,
15/03/2007,22,38,41,42,45,49,36,3,
10/03/2007,03,22,25,41,42,45,07,5,
8/03/2007,02,20,21,29,38,39,24,8,
3/03/2007,11,12,13,34,38,47,44,7,
1/03/2007,14,24,36,38,40,49,23,3,
24/02/2007,07,08,14,18,25,44,29,8,
22/02/2007,03,20,21,23,30,46,04,9,
17/02/2007,01,05,14,16,24,41,12,8,
15/02/2007,11,20,27,35,41,43,13,3,
10/02/2007,17,21,23,28,33,44,04,6,
8/02/2007,07,09,12,24,37,47,05,8,
3/02/2007,13,19,34,36,43,47,22,3,
1/02/2007,06,11,16,29,48,49,21,1,
27/01/2007,06,22,30,36,44,49,15,9,
25/01/2007,11,12,17,32,35,44,28,2,
20/01/2007,06,28,30,35,40,42,49,7,
18/01/2007,01,02,11,30,36,48,29,9,
13/01/2007,01,03,07,19,23,26,09,8,
11/01/2007,12,17,19,23,25,42,03,2,
6/01/2007,15,18,19,30,38,39,10,5,
4/01/2007,25,33,38,41,45,47,08,9,
30/12/2006,01,09,25,27,44,45,35,7,
28/12/2006,21,24,31,34,35,44,02,8,
23/12/2006,18,28,38,44,47,48,45,6,
21/12/2006,04,07,08,27,31,33,40,4,
16/12/2006,19,23,26,35,39,41,04,6,
14/12/2006,09,10,20,22,27,41,38,3,
9/12/2006,06,15,32,41,43,48,42,8,
7/12/2006,06,21,22,31,36,46,48,5,
2/12/2006,20,27,32,38,41,42,16,2,
30/11/2006,01,05,10,17,31,37,42,5,
25/11/2006,01,35,37,39,40,41,26,4,
23/11/2006,02,10,13,15,24,36,07,6,
18/11/2006,13,27,29,31,42,43,07,6,
16/11/2006,14,15,29,32,35,40,33,4,
11/11/2006,01,07,28,33,37,48,47,4,
9/11/2006,15,20,28,32,38,41,29,7,
4/11/2006,12,19,21,31,32,33,09,4,
2/11/2006,02,09,12,30,31,44,42,9,
28/10/2006,04,19,23,24,34,41,27,2,
26/10/2006,01,12,16,23,34,37,17,2,
21/10/2006,11,20,25,29,31,44,38,3,
19/10/2006,01,07,16,20,27,39,49,1,
14/10/2006,08,09,13,23,31,41,43,8,
12/10/2006,07,15,20,23,41,44,13,1,
7/10/2006,02,04,05,06,20,36,07,4,
5/10/2006,03,09,12,39,47,48,24,6,
30/09/2006,06,13,14,35,41,42,34,0,
28/09/2006,04,11,19,28,31,47,41,8,
23/09/2006,10,17,25,34,37,44,13,7,
21/09/2006,05,13,18,33,34,41,42,7,
16/09/2006,10,22,24,28,36,44,08,0,
14/09/2006,23,30,34,37,39,40,06,1,
9/09/2006,12,16,24,42,47,48,27,9,
7/09/2006,01,08,09,16,39,44,43,0,
2/09/2006,12,13,24,25,45,47,42,9,
31/08/2006,06,07,14,17,33,34,25,0,
26/08/2006,03,07,34,42,43,47,21,5,
24/08/2006,02,11,13,19,31,44,36,9,
19/08/2006,03,05,24,31,38,48,37,6,
17/08/2006,06,17,19,29,37,41,48,8,
12/08/2006,07,10,18,19,26,42,43,0,
10/08/2006,04,08,20,23,27,33,46,5,
5/08/2006,03,10,22,29,40,43,31,7,
3/08/2006,04,15,16,19,44,46,12,3,
29/07/2006,01,03,18,20,39,44,17,9,
27/07/2006,12,15,21,31,37,39,13,8,
22/07/2006,07,11,21,27,28,42,13,2,
20/07/2006,05,18,22,23,27,44,41,9,
15/07/2006,04,06,07,17,27,48,33,6,
13/07/2006,03,04,09,10,45,49,26,0,
8/07/2006,15,29,32,34,35,40,42,3,
6/07/2006,01,09,17,29,34,44,48,8,
1/07/2006,14,16,27,31,39,46,36,8,
29/06/2006,29,32,34,35,41,46,01,6,
24/06/2006,18,26,31,39,46,47,41,3,
22/06/2006,09,17,42,45,46,48,37,3,
17/06/2006,09,10,15,21,25,49,04,2,
15/06/2006,03,05,10,13,25,43,16,5,
10/06/2006,02,03,10,21,30,46,43,0,
8/06/2006,03,06,17,41,47,48,09,8,
3/06/2006,14,21,22,26,39,44,33,9,
1/06/2006,17,18,19,26,41,43,05,8,
27/05/2006,02,07,09,10,13,47,26,5,
25/05/2006,05,07,12,20,27,35,11,4,
20/05/2006,01,12,15,19,35,36,10,6,
18/05/2006,16,30,36,41,45,46,22,7,
13/05/2006,06,13,25,27,42,43,36,2,
11/05/2006,03,06,32,33,38,42,48,4,
6/05/2006,05,07,19,20,29,40,49,1,
4/05/2006,01,07,20,21,32,38,15,0,
29/04/2006,27,28,31,34,35,42,47,3,
27/04/2006,03,15,17,32,36,45,35,1,
22/04/2006,02,06,10,14,15,41,44,7,
20/04/2006,02,17,30,34,37,38,16,0,
15/04/2006,06,21,35,36,41,42,39,7,
13/04/2006,08,24,26,28,37,47,30,7,
8/04/2006,01,19,23,35,42,47,13,6,
6/04/2006,01,03,12,30,31,38,13,4,
1/04/2006,09,16,22,28,34,37,06,5,
30/03/2006,18,34,38,41,46,47,12,7,
25/03/2006,13,18,28,30,40,48,01,8,
23/03/2006,11,23,29,36,43,48,08,1,
18/03/2006,05,14,15,26,45,46,01,2,
16/03/2006,19,22,26,27,32,46,42,4,
11/03/2006,09,16,20,21,41,45,33,0,
9/03/2006,03,12,13,20,24,32,21,4,
4/03/2006,05,10,17,25,33,48,06,6,
2/03/2006,10,18,23,39,44,46,43,1,
25/02/2006,01,02,10,21,23,28,14,3,
23/02/2006,09,30,37,39,40,44,10,4,
18/02/2006,03,30,37,42,43,49,17,0,
16/02/2006,04,29,39,42,47,49,45,3,
11/02/2006,03,04,05,28,33,49,37,2,
9/02/2006,01,11,12,16,28,43,05,3,
4/02/2006,06,10,21,23,24,37,19,7,
2/02/2006,02,08,12,13,18,31,15,1,
28/01/2006,01,15,23,25,32,34,31,5,
26/01/2006,09,10,14,21,34,46,32,1,
21/01/2006,02,11,23,26,41,48,45,5,
19/01/2006,15,17,25,26,33,43,16,7,
14/01/2006,05,08,13,24,25,31,22,0,
12/01/2006,17,19,20,25,44,46,31,9,
7/01/2006,04,05,28,31,32,35,48,9,
5/01/2006,08,10,12,19,27,40,46,1,
31/12/2005,06,14,30,33,38,45,03,3,
29/12/2005,04,10,20,23,46,48,30,7,
24/12/2005,01,16,28,45,46,48,24,0,
22/12/2005,23,24,34,39,40,42,47,6,
17/12/2005,06,09,20,27,32,37,49,1,
15/12/2005,12,24,27,35,36,44,11,4,
10/12/2005,04,27,37,39,41,44,21,9,
8/12/2005,03,09,19,33,34,44,47,5,
3/12/2005,04,14,18,24,27,47,02,3,
1/12/2005,01,10,16,31,47,48,32,9,
26/11/2005,08,19,21,25,44,47,32,6,
24/11/2005,18,21,24,29,35,38,33,6,
19/11/2005,05,06,27,37,41,43,07,7,
17/11/2005,07,17,21,41,45,46,38,0,
12/11/2005,06,10,17,19,24,42,18,1,
10/11/2005,06,11,21,33,34,42,36,8,
5/11/2005,04,08,18,19,23,30,49,4,
3/11/2005,01,21,24,28,33,38,48,4,
29/10/2005,06,14,16,18,39,48,23,4,
27/10/2005,01,17,18,33,38,39,14,0,
22/10/2005,03,10,14,15,25,30,40,2,
20/10/2005,01,13,28,32,37,39,05,6,
15/10/2005,08,10,14,38,39,43,17,1,
13/10/2005,11,13,26,29,30,37,05,6,
8/10/2005,31,33,34,39,44,46,49,6,
6/10/2005,05,08,22,26,29,38,10,8,
1/10/2005,02,18,23,35,37,48,01,9,
29/09/2005,09,28,30,32,34,48,02,4,
24/09/2005,03,11,21,30,41,49,34,8,
22/09/2005,13,15,20,42,47,49,29,0,
17/09/2005,16,22,26,30,44,49,15,9,
15/09/2005,11,18,29,43,44,48,34,4,
10/09/2005,16,25,30,36,38,44,19,3,
8/09/2005,05,09,15,26,35,47,19,6,
3/09/2005,03,05,07,13,36,40,11,0,
1/09/2005,16,27,35,43,46,47,02,4,
27/08/2005,13,25,39,42,44,46,43,0,
25/08/2005,04,29,37,38,47,49,08,3,
20/08/2005,18,22,23,29,30,35,28,2,
18/08/2005,03,06,13,14,32,43,08,7,
13/08/2005,02,15,16,21,22,43,41,3,
11/08/2005,02,19,20,30,33,46,22,1,
6/08/2005,03,15,18,28,37,45,14,0,
4/08/2005,19,25,28,39,41,44,10,4,
30/07/2005,07,14,15,18,47,49,12,7,
28/07/2005,11,31,33,40,41,49,32,9,
23/07/2005,04,13,16,36,37,45,18,0,
21/07/2005,06,16,26,27,31,48,43,9,
16/07/2005,04,05,20,24,25,39,17,8,
14/07/2005,06,07,08,41,42,49,01,1,
9/07/2005,08,21,25,39,42,45,24,5,
7/07/2005,10,17,18,20,24,43,07,1,
2/07/2005,09,10,16,25,26,35,46,3,
30/06/2005,13,19,24,38,39,48,34,6,
25/06/2005,03,06,11,14,33,47,01,4,
23/06/2005,08,13,16,24,25,40,29,2,
18/06/2005,15,16,20,30,32,42,49,0,
16/06/2005,10,16,24,25,27,47,01,3,
11/06/2005,07,12,29,37,40,42,46,6,
9/06/2005,02,21,25,28,34,38,14,5,
4/06/2005,05,11,20,29,33,49,17,0,
2/06/2005,03,04,08,19,29,31,27,9,
28/05/2005,07,11,17,26,28,36,09,5,
26/05/2005,02,16,17,19,39,49,25,3,
21/05/2005,05,20,25,27,42,49,13,2,
19/05/2005,05,16,21,26,32,44,19,7,
14/05/2005,04,13,35,38,46,48,03,1,
12/05/2005,10,14,15,30,36,39,40,4,
7/05/2005,02,07,19,39,44,48,35,7,
5/05/2005,01,16,20,22,23,33,09,5,
30/04/2005,06,10,20,23,34,40,08,3,
28/04/2005,04,26,27,31,39,41,16,0,
23/04/2005,12,29,31,42,43,44,22,3,
21/04/2005,10,16,19,24,45,48,33,0,
16/04/2005,09,12,14,24,38,46,20,1,
14/04/2005,03,08,32,36,38,47,14,2,
9/04/2005,02,05,08,29,33,39,09,6,
7/04/2005,06,13,15,31,40,43,41,2,
2/04/2005,01,04,22,24,36,42,48,2,
31/03/2005,10,18,29,46,48,49,08,4,
26/03/2005,06,09,11,19,28,38,33,8,
24/03/2005,02,13,27,31,34,46,09,7,
19/03/2005,16,18,21,31,35,48,07,4,
17/03/2005,09,16,18,27,37,43,48,4,
12/03/2005,06,10,12,27,33,45,14,3,
10/03/2005,07,12,26,31,34,43,32,4,
5/03/2005,02,12,27,30,34,37,24,8,
3/03/2005,13,24,29,32,33,35,10,0,
26/02/2005,29,30,34,37,43,48,03,1,
24/02/2005,05,21,28,40,44,45,08,4,
19/02/2005,03,10,24,34,39,49,29,5,
17/02/2005,06,07,14,26,27,48,47,0,
12/02/2005,03,07,14,17,40,43,30,4,
10/02/2005,18,22,28,31,48,49,43,6,
5/02/2005,03,16,20,36,41,49,35,8,
3/02/2005,13,21,22,29,36,48,17,4,
29/01/2005,07,10,14,22,42,45,28,3,
27/01/2005,03,10,13,31,42,48,35,8,
22/01/2005,05,13,27,34,38,47,44,4,
20/01/2005,03,32,39,41,42,43,31,7,
15/01/2005,04,26,31,37,40,44,41,6,
13/01/2005,03,07,09,15,20,42,22,0,
8/01/2005,09,11,21,30,34,40,22,3,
6/01/2005,08,23,32,36,37,49,01,0,
1/01/2005,06,13,17,22,41,46,44,6,
30/12/2004,01,11,12,32,38,45,18,6,
25/12/2004,03,13,16,42,43,46,23,0,
23/12/2004,01,09,21,24,31,43,26,7,
18/12/2004,03,22,24,39,43,49,09,5,
16/12/2004,01,05,09,16,18,45,02,5,
11/12/2004,01,02,03,21,23,49,46,5,
9/12/2004,09,14,16,18,28,36,17,4,
4/12/2004,16,24,26,38,44,45,03,4,
2/12/2004,04,05,10,21,33,37,32,5,
27/11/2004,01,06,11,14,24,36,20,5,
25/11/2004,02,17,32,37,43,44,04,1,
20/11/2004,21,32,35,39,41,42,15,9,
18/11/2004,03,05,11,20,29,43,38,0,
13/11/2004,07,09,12,36,39,43,11,7,
11/11/2004,13,28,30,33,41,47,16,2,
6/11/2004,02,08,28,32,33,45,24,6,
4/11/2004,17,18,21,27,34,42,23,3,
30/10/2004,18,29,37,41,43,44,36,5,
28/10/2004,06,10,16,39,42,47,32,8,
23/10/2004,02,03,15,38,41,45,09,2,
21/10/2004,03,13,15,26,29,49,08,6,
16/10/2004,02,05,07,17,34,39,31,2,
14/10/2004,06,23,24,32,42,43,48,6,
9/10/2004,01,05,22,24,35,48,17,8,
7/10/2004,11,26,27,36,46,48,17,0,
2/10/2004,09,11,25,31,35,39,45,6,
30/09/2004,04,05,11,21,33,36,48,4,
25/09/2004,14,15,18,21,34,38,47,9,
23/09/2004,04,26,34,45,46,49,35,1,
18/09/2004,06,07,44,46,47,49,04,5,
16/09/2004,03,10,13,29,32,49,38,4,
11/09/2004,04,06,08,19,41,47,10,8,
9/09/2004,08,26,34,36,42,46,05,4,
4/09/2004,01,12,14,21,42,48,47,1,
2/09/2004,24,29,38,45,47,49,03,5,
28/08/2004,01,06,12,13,16,47,42,8,
26/08/2004,02,07,11,16,17,27,47,9,
21/08/2004,15,21,26,42,44,49,29,1,
19/08/2004,05,18,23,29,34,46,35,1,
14/08/2004,01,12,15,33,39,41,21,3,
12/08/2004,05,23,32,33,34,41,16,2,
7/08/2004,04,13,15,29,40,42,02,8,
5/08/2004,04,22,32,37,38,39,08,1,
31/07/2004,02,13,16,24,29,48,06,1,
29/07/2004,14,27,28,31,33,41,17,7,
24/07/2004,02,05,07,12,22,24,19,5,
22/07/2004,04,13,18,22,26,35,10,0,
17/07/2004,11,16,20,34,45,47,02,4,
15/07/2004,17,21,28,31,34,40,36,7,
10/07/2004,19,35,37,39,48,49,21,7,
8/07/2004,05,11,15,19,25,44,09,6,
3/07/2004,06,07,14,26,29,36,17,6,
1/07/2004,06,11,19,22,34,48,18,1,
26/06/2004,05,23,29,30,36,43,03,5,
24/06/2004,10,22,24,30,31,45,06,5,
19/06/2004,09,15,20,28,42,43,32,1,
17/06/2004,18,21,23,27,33,49,04,7,
12/06/2004,13,27,31,32,33,36,12,0,
10/06/2004,27,31,33,37,45,46,44,8,
5/06/2004,02,27,28,34,44,47,41,4,
3/06/2004,01,03,04,10,29,35,38,0,
29/05/2004,05,29,37,41,44,45,22,1,
27/05/2004,11,12,21,32,37,38,28,5,
22/05/2004,29,30,31,40,47,48,45,3,
20/05/2004,04,07,23,39,45,48,01,4,
15/05/2004,10,18,19,37,41,46,05,1,
13/05/2004,02,09,11,16,37,41,35,3,
8/05/2004,06,11,32,41,45,47,27,3,
6/05/2004,03,11,26,43,44,46,05,8,
1/05/2004,01,05,15,22,25,28,42,4,
29/04/2004,03,13,26,34,36,41,22,9,
24/04/2004,07,32,42,43,44,45,47,2,
22/04/2004,17,26,31,36,41,47,35,2,
17/04/2004,19,25,26,30,32,34,04,5,
15/04/2004,05,24,35,39,40,41,32,9,
10/04/2004,03,13,16,28,30,39,09,0,
8/04/2004,07,10,17,21,39,46,06,7,
3/04/2004,05,07,19,21,45,48,37,6,
1/04/2004,14,19,22,26,33,35,08,3,
27/03/2004,05,09,20,28,31,34,33,2,
25/03/2004,03,11,26,27,35,43,02,9,
20/03/2004,01,05,07,10,20,26,24,1,
18/03/2004,01,17,23,30,38,46,15,5,
13/03/2004,03,09,21,27,35,39,04,8,
11/03/2004,23,26,31,34,37,42,43,5,
6/03/2004,01,05,14,32,40,44,27,7,
4/03/2004,05,06,13,14,26,40,44,2,
28/02/2004,15,20,25,31,37,49,30,9,
26/02/2004,11,17,18,19,34,40,08,5,
21/02/2004,06,07,11,25,32,44,18,9,
19/02/2004,04,12,16,31,38,45,01,6,
14/02/2004,08,13,15,39,41,46,16,2,
12/02/2004,12,18,22,23,25,46,03,8,
7/02/2004,07,19,23,30,36,42,13,5,
5/02/2004,06,14,15,20,29,36,32,4,
31/01/2004,04,06,16,20,24,42,34,0,
29/01/2004,02,05,09,11,26,42,32,5,
24/01/2004,21,22,25,30,31,44,35,0,
22/01/2004,07,11,26,36,41,48,29,9,
17/01/2004,03,09,19,21,38,46,02,7,
15/01/2004,04,09,12,15,29,45,17,2,
10/01/2004,06,25,39,42,44,49,26,5,
8/01/2004,05,27,38,41,44,47,37,8,
3/01/2004,09,10,15,16,25,45,40,3,
1/01/2004,02,08,10,25,38,47,42,5,
27/12/2003,10,16,21,24,35,39,31,6,
25/12/2003,10,11,15,24,41,47,28,5,
20/12/2003,02,21,28,32,46,48,36,6,
18/12/2003,01,05,08,10,22,41,44,3,
13/12/2003,12,20,35,36,40,45,18,8,
11/12/2003,08,13,26,33,35,42,41,2,
6/12/2003,02,08,09,35,38,40,12,5,
4/12/2003,01,26,34,37,45,46,12,1,
29/11/2003,01,12,14,16,35,38,08,3,
27/11/2003,08,14,32,35,42,46,10,3,
22/11/2003,06,21,24,30,31,36,48,2,
20/11/2003,03,05,10,12,14,39,02,1,
15/11/2003,02,10,12,26,32,42,08,2,
13/11/2003,06,24,42,44,46,47,23,2,
8/11/2003,19,21,26,29,43,48,15,8,
6/11/2003,07,13,16,29,45,48,20,9,
1/11/2003,20,22,27,34,35,49,36,1,
30/10/2003,06,27,32,36,38,47,31,9,
25/10/2003,11,29,37,41,46,47,48,0,
23/10/2003,01,06,12,13,46,48,45,0,
18/10/2003,08,15,17,22,28,46,02,2,
16/10/2003,03,11,18,29,39,48,27,3,
11/10/2003,06,36,37,41,45,48,32,7,
9/10/2003,18,21,22,29,36,37,19,8,
4/10/2003,03,17,24,37,44,48,15,8,
2/10/2003,03,24,26,31,43,48,36,4,
27/09/2003,06,16,21,22,28,38,08,2,
25/09/2003,01,02,07,20,23,46,27,7,
20/09/2003,10,12,13,21,34,42,09,8,
18/09/2003,15,23,26,28,36,40,45,4,
13/09/2003,09,13,20,28,33,46,14,3,
11/09/2003,13,14,15,29,44,46,42,0,
6/09/2003,07,13,19,38,39,46,03,3,
4/09/2003,07,08,27,31,42,45,19,5,
30/08/2003,02,07,10,22,29,46,43,2,
28/08/2003,04,05,11,17,21,33,48,4,
23/08/2003,03,06,20,24,31,48,43,2,
21/08/2003,18,19,24,28,36,42,03,9,
16/08/2003,03,19,30,32,33,44,23,8,
14/08/2003,04,08,13,17,30,46,43,2,
9/08/2003,11,14,19,22,29,47,38,2,
7/08/2003,01,09,25,28,34,37,07,9,
2/08/2003,02,17,22,24,26,42,21,5,
31/07/2003,06,11,13,27,40,49,29,4,
26/07/2003,02,05,12,13,22,30,38,6,
24/07/2003,02,10,13,25,36,40,30,1,
19/07/2003,09,10,11,22,24,33,14,8,
17/07/2003,03,22,31,41,46,47,19,0,
12/07/2003,03,16,27,33,39,42,29,6,
10/07/2003,03,16,31,33,37,39,24,9,
5/07/2003,22,25,34,35,37,47,33,0,
3/07/2003,03,04,19,31,43,49,23,1,
28/06/2003,01,15,31,37,40,43,14,8,
26/06/2003,09,11,15,17,35,38,02,8,
21/06/2003,15,23,31,38,46,47,32,5,
19/06/2003,02,14,24,33,37,38,13,7,
14/06/2003,07,23,45,46,48,49,10,7,
12/06/2003,07,08,10,28,46,49,13,3,
7/06/2003,04,06,13,23,33,43,31,2,
5/06/2003,02,08,09,22,31,43,15,8,
31/05/2003,01,02,29,38,39,46,22,5,
29/05/2003,06,20,32,34,35,43,14,9,
24/05/2003,31,35,36,45,47,49,05,5,
22/05/2003,19,20,24,33,35,48,41,7,
17/05/2003,01,14,35,36,37,49,18,1,
15/05/2003,03,04,08,15,29,36,44,2,
10/05/2003,31,33,34,35,36,42,20,4,
8/05/2003,05,17,22,26,37,44,04,5,
3/05/2003,01,05,12,16,22,30,08,8,
1/05/2003,10,15,16,29,33,41,20,5,
26/04/2003,06,18,21,22,32,46,35,0,
24/04/2003,20,25,29,37,38,46,27,3,
19/04/2003,15,28,30,34,46,47,22,7,
17/04/2003,15,23,24,26,33,47,11,5,
12/04/2003,06,18,23,27,41,43,38,6,
10/04/2003,07,14,22,39,42,45,49,4,
5/04/2003,02,19,25,26,43,48,34,1,
3/04/2003,01,05,21,32,39,48,45,6,
29/03/2003,07,08,23,25,30,47,27,3,
27/03/2003,01,17,31,43,48,49,44,2,
22/03/2003,05,10,17,30,39,42,32,1,
20/03/2003,05,09,18,32,34,35,38,5,
15/03/2003,13,15,29,32,36,49,31,5,
13/03/2003,14,35,38,39,47,48,34,0,
8/03/2003,01,15,37,38,48,49,24,8,
6/03/2003,01,07,18,19,28,33,32,7,
1/03/2003,13,21,23,33,37,43,22,3,
27/02/2003,01,06,07,11,43,47,40,2,
22/02/2003,07,17,28,32,38,43,27,0,
20/02/2003,03,04,08,09,11,47,20,3,
15/02/2003,07,27,33,42,45,48,40,8,
13/02/2003,01,12,18,30,48,49,33,8,
8/02/2003,11,18,27,41,45,46,32,9,
6/02/2003,02,10,35,37,40,48,19,2,
1/02/2003,12,19,27,36,43,45,37,2,
30/01/2003,08,21,22,25,41,46,11,4,
25/01/2003,19,26,38,43,47,49,22,9,
23/01/2003,13,14,19,30,42,43,29,1,
18/01/2003,19,21,22,32,36,48,29,2,
16/01/2003,12,14,15,16,25,26,36,7,
11/01/2003,03,15,16,26,44,45,22,9,
9/01/2003,09,15,16,20,23,25,27,2,
4/01/2003,24,30,35,38,43,45,41,8,
2/01/2003,14,30,37,39,40,47,18,1,
28/12/2002,05,18,22,23,34,46,36,2,
26/12/2002,05,12,27,40,45,48,44,5,
21/12/2002,07,11,12,26,43,47,33,7,
19/12/2002,11,22,43,46,48,49,34,4,
14/12/2002,04,16,21,34,36,39,05,7,
12/12/2002,02,03,25,35,41,44,07,0,
7/12/2002,18,19,27,30,38,44,48,2,
5/12/2002,02,04,21,31,41,45,33,7,
30/11/2002,15,21,29,43,44,45,09,6,
28/11/2002,01,09,10,16,17,25,14,5,
23/11/2002,05,07,08,13,35,36,22,3,
21/11/2002,07,10,18,19,21,31,11,0,
16/11/2002,15,20,22,35,40,42,30,3,
14/11/2002,11,30,35,37,44,47,26,9,
9/11/2002,02,03,23,26,33,41,37,7,
7/11/2002,04,23,26,29,47,48,46,7,
2/11/2002,08,11,14,37,43,44,01,7,
31/10/2002,11,16,24,26,46,48,20,2,
26/10/2002,10,24,30,32,35,41,37,3,
24/10/2002,02,16,22,29,30,40,09,0,
19/10/2002,01,10,26,31,42,48,29,7,
17/10/2002,08,15,16,18,35,41,44,4,
12/10/2002,10,19,22,24,43,44,27,5,
10/10/2002,03,08,36,39,42,49,40,5,
5/10/2002,12,29,31,37,44,45,23,8,
3/10/2002,13,18,20,42,46,48,33,4,
28/09/2002,08,10,15,27,44,46,30,2,
26/09/2002,03,18,19,23,41,47,43,6,
21/09/2002,02,21,27,32,40,43,29,2,
19/09/2002,01,02,06,12,29,45,04,7,
14/09/2002,06,12,15,35,42,49,03,6,
12/09/2002,05,06,08,09,12,31,11,8,
7/09/2002,15,23,27,39,45,48,36,3,
5/09/2002,06,11,19,26,28,36,45,6,
31/08/2002,01,03,04,05,17,40,45,4,
29/08/2002,11,17,24,30,32,48,46,3,
24/08/2002,03,12,14,27,38,46,39,9,
22/08/2002,13,21,24,26,32,34,07,2,
17/08/2002,08,11,12,25,32,49,19,4,
15/08/2002,18,22,28,32,40,48,27,2,
10/08/2002,05,06,21,23,34,37,35,6,
8/08/2002,05,06,15,22,32,49,12,1,
3/08/2002,22,34,35,38,45,48,47,2,
1/08/2002,08,22,25,36,41,45,21,1,
27/07/2002,09,17,18,32,42,43,25,6,
25/07/2002,03,05,10,19,34,45,28,4,
20/07/2002,03,16,28,41,46,48,05,4,
18/07/2002,05,08,24,28,41,42,46,6,
13/07/2002,18,27,34,37,42,47,17,8,
11/07/2002,05,07,18,38,39,40,28,9,
6/07/2002,17,18,34,37,46,47,11,3,
4/07/2002,09,26,31,39,45,49,30,7,
29/06/2002,05,17,25,31,34,43,46,3,
27/06/2002,08,19,23,30,38,46,33,4,
22/06/2002,07,12,24,35,42,46,28,2,
20/06/2002,07,08,31,37,42,45,36,7,
15/06/2002,05,09,16,27,36,47,14,3,
13/06/2002,03,04,31,32,39,45,25,9,
8/06/2002,01,10,24,25,32,34,18,8,
6/06/2002,12,27,28,37,41,48,23,0,
1/06/2002,09,20,31,37,38,40,27,9,
30/05/2002,13,29,40,42,45,46,28,4,
25/05/2002,07,08,27,28,42,43,47,5,
23/05/2002,01,12,29,33,35,43,19,9,
18/05/2002,01,04,13,17,38,39,11,4,
16/05/2002,03,23,26,30,32,33,37,1,
11/05/2002,08,09,23,31,33,38,10,8,
9/05/2002,05,06,12,28,37,42,16,0,
4/05/2002,15,22,24,26,30,40,20,9,
2/05/2002,02,04,06,14,21,33,01,8,
27/04/2002,03,10,11,27,30,37,29,5,
25/04/2002,11,12,14,39,40,47,45,5,
20/04/2002,02,09,21,45,46,48,35,1,
18/04/2002,25,35,36,41,43,46,37,6,
13/04/2002,12,14,23,29,39,48,16,6,
11/04/2002,03,05,06,08,24,32,02,5,
6/04/2002,03,04,05,10,20,34,48,6,
4/04/2002,10,14,16,19,25,26,40,6,
30/03/2002,05,26,27,42,43,44,21,0,
28/03/2002,04,08,10,14,29,31,15,4,
23/03/2002,11,29,40,41,47,49,42,7,
21/03/2002,09,13,18,33,39,46,29,9,
16/03/2002,11,28,29,36,37,44,39,1,
14/03/2002,06,18,24,28,35,41,30,0,
9/03/2002,11,15,23,27,31,37,32,2,
7/03/2002,04,18,21,30,35,38,49,4,
2/03/2002,05,09,23,26,31,43,13,5,
28/02/2002,02,06,17,22,27,30,11,9,
23/02/2002,09,13,14,25,32,43,18,5,
21/02/2002,05,08,11,16,37,45,12,3,
16/02/2002,10,18,29,33,34,39,35,2,
14/02/2002,07,15,18,25,29,48,19,6,
9/02/2002,35,36,39,42,43,49,10,8,
7/02/2002,17,24,29,35,48,49,22,0,
2/02/2002,05,06,20,25,32,39,19,2,
31/01/2002,03,10,30,36,37,42,41,7,
26/01/2002,11,23,32,37,40,43,14,2,
24/01/2002,08,15,22,26,31,36,10,6,
19/01/2002,01,15,23,32,37,41,45,9,
17/01/2002,04,11,21,27,37,44,49,1,
12/01/2002,02,07,11,16,17,34,06,5,
10/01/2002,14,15,16,25,26,30,21,6,
5/01/2002,04,09,17,35,41,43,31,6,
3/01/2002,02,03,10,27,28,42,36,7,
29/12/2001,01,11,26,40,45,48,43,0,
27/12/2001,04,19,22,25,43,46,24,04,
22/12/2001,04,05,10,17,33,36,43,0,
20/12/2001,02,13,22,27,35,40,04,1,
15/12/2001,11,23,34,36,40,48,25,5,
13/12/2001,05,09,14,21,27,39,07,8,
8/12/2001,01,13,25,28,45,46,19,2,
6/12/2001,20,36,38,40,42,46,18,6,
1/12/2001,07,10,13,21,30,42,39,1,
29/11/2001,05,07,26,28,39,42,24,8,
24/11/2001,15,18,28,32,33,49,46,3,
22/11/2001,12,13,19,21,27,44,30,1,
17/11/2001,02,03,04,40,46,47,49,1,
15/11/2001,05,07,26,33,35,46,29,1,
10/11/2001,08,09,10,23,29,43,47,1,
8/11/2001,06,22,23,27,32,43,33,9,
3/11/2001,19,21,22,25,33,49,41,4,
1/11/2001,03,09,28,29,35,42,12,8,
27/10/2001,05,07,20,24,25,35,03,0,
25/10/2001,03,09,16,21,29,31,17,4,
20/10/2001,11,24,29,37,40,42,03,3,
18/10/2001,02,04,05,15,29,33,09,2,
13/10/2001,01,13,27,36,39,41,45,8,
11/10/2001,08,24,30,31,37,49,16,8,
6/10/2001,05,20,28,35,38,49,43,7,
4/10/2001,16,17,18,23,40,44,31,0,
29/09/2001,19,37,39,41,46,48,03,9,
27/09/2001,03,14,31,37,42,46,20,2,
22/09/2001,10,26,32,33,41,47,43,1,
20/09/2001,04,14,19,26,30,47,05,7,
15/09/2001,03,09,15,23,38,43,20,8,
13/09/2001,10,23,30,35,44,47,21,4,
8/09/2001,03,04,18,22,31,43,49,0,
6/09/2001,10,24,31,35,36,45,30,1,
1/09/2001,10,11,31,35,40,44,04,4,
30/08/2001,17,18,28,34,43,49,24,6,
25/08/2001,11,12,15,20,27,38,17,8,
23/08/2001,07,08,09,17,18,42,29,8,
18/08/2001,02,23,34,35,48,49,47,7,
16/08/2001,02,26,27,34,39,40,37,1,
11/08/2001,06,08,12,19,30,34,32,3,
9/08/2001,06,10,11,25,29,40,42,3,
4/08/2001,02,10,13,33,36,43,48,6,
2/08/2001,06,18,29,32,37,41,34,3,
28/07/2001,12,15,24,27,37,42,38,8,
26/07/2001,01,27,32,33,34,39,15,2,
21/07/2001,12,14,15,34,41,44,13,7,
19/07/2001,05,06,07,10,14,19,03,9,
14/07/2001,07,17,23,29,34,46,31,8,
12/07/2001,01,08,24,33,39,49,15,9,
7/07/2001,12,18,21,26,27,42,06,6,
5/07/2001,02,22,33,34,36,49,37,6,
30/06/2001,05,18,20,34,38,40,10,8,
28/06/2001,15,18,23,30,34,41,19,8,
23/06/2001,02,28,35,36,45,48,12,8,
21/06/2001,17,22,27,34,36,49,33,8,
16/06/2001,10,11,15,30,31,48,44,3,
14/06/2001,03,24,25,42,47,49,41,5,
9/06/2001,06,21,24,29,31,39,47,7,
7/06/2001,07,13,23,29,30,33,11,1,
2/06/2001,04,07,15,17,29,33,24,2,
31/05/2001,07,12,32,38,46,47,26,3,
26/05/2001,17,20,34,42,43,45,39,0,
24/05/2001,12,14,32,37,39,46,49,7,
19/05/2001,04,09,13,18,25,32,46,8,
17/05/2001,04,06,09,27,38,46,31,1,
12/05/2001,05,15,17,32,44,49,03,4,
10/05/2001,09,13,17,19,21,46,29,1,
5/05/2001,10,17,19,23,27,38,42,2,
3/05/2001,02,06,14,33,43,44,16,7,
28/04/2001,01,02,03,34,38,39,35,8,
26/04/2001,14,33,35,43,47,49,40,1,
21/04/2001,12,21,27,29,37,46,04,6,
19/04/2001,17,20,33,40,42,43,03,4,
14/04/2001,08,13,28,36,40,49,34,5,
12/04/2001,03,04,12,13,22,39,02,8,
7/04/2001,04,18,23,28,33,38,40,2,
5/04/2001,19,24,27,35,39,48,43,3,
31/03/2001,12,13,17,19,43,44,33,1,
29/03/2001,09,21,32,41,42,45,27,8,
24/03/2001,12,15,25,41,45,49,35,0,
22/03/2001,09,10,15,42,44,49,46,7,
17/03/2001,06,16,18,20,23,47,44,7,
15/03/2001,06,08,17,18,28,44,23,9,
10/03/2001,13,20,25,29,33,37,27,8,
8/03/2001,05,13,15,27,40,42,04,1,
3/03/2001,14,27,28,30,36,47,46,6,
1/03/2001,17,28,30,34,37,48,03,0,
24/02/2001,02,15,17,21,34,40,04,4,
22/02/2001,03,11,15,19,38,48,21,9,
17/02/2001,04,31,34,43,44,48,24,4,
15/02/2001,10,14,19,28,41,46,13,8,
10/02/2001,04,06,15,18,22,23,21,4,
8/02/2001,09,26,27,29,30,41,18,1,
3/02/2001,01,17,20,27,28,30,13,3,
1/02/2001,11,19,30,31,39,44,32,6,
27/01/2001,14,18,27,29,44,45,19,6,
25/01/2001,10,15,20,30,37,45,31,8,
20/01/2001,02,06,25,27,30,37,18,9,
18/01/2001,02,08,13,22,24,41,19,9,
13/01/2001,01,09,13,15,42,45,19,8,
11/01/2001,01,09,20,22,38,48,47,5,
6/01/2001,06,13,18,28,40,45,07,5,
4/01/2001,02,03,12,19,25,31,26,6,
30/12/2000,04,24,28,38,39,46,35,8,
28/12/2000,01,04,14,32,39,44,20,1,
23/12/2000,11,18,21,38,44,47,03,5,
21/12/2000,19,22,24,37,39,44,33,0,
16/12/2000,05,09,14,17,28,47,31,9,
14/12/2000,02,10,15,26,27,29,48,9,
9/12/2000,01,03,14,18,32,45,24,7,
7/12/2000,02,29,33,39,40,47,08,3,
2/12/2000,12,15,21,32,36,43,34,1,
30/11/2000,18,20,26,28,47,48,43,8,
25/11/2000,09,10,26,29,43,48,12,8,
23/11/2000,07,11,27,30,37,47,23,1,
18/11/2000,06,09,17,18,22,34,08,6,
16/11/2000,04,07,13,19,22,28,21,7,
11/11/2000,02,07,12,17,35,36,32,6,
9/11/2000,04,17,23,27,34,36,41,9,
4/11/2000,01,24,28,31,46,47,06,0,
2/11/2000,08,09,11,35,37,45,28,9,
28/10/2000,01,05,11,34,39,49,35,9,
26/10/2000,08,19,21,23,25,37,14,3,
21/10/2000,09,14,17,30,39,43,28,0,
19/10/2000,01,04,05,18,27,49,14,2,
14/10/2000,11,20,22,25,27,36,39,2,
12/10/2000,04,11,13,21,23,45,20,1,
7/10/2000,10,27,36,39,43,47,38,2,
5/10/2000,08,10,16,30,32,44,41,2,
30/09/2000,02,11,32,41,43,45,44,8,
28/09/2000,04,07,10,11,23,48,06,2,
23/09/2000,05,12,19,22,43,48,04,4,
21/09/2000,06,15,22,42,46,48,07,9,
16/09/2000,04,05,16,19,21,23,47,3,
14/09/2000,02,26,31,36,39,46,04,3,
9/09/2000,09,13,23,28,29,36,11,6,
7/09/2000,06,09,11,30,41,46,05,4,
2/09/2000,21,24,25,32,36,40,10,1,
31/08/2000,08,13,24,33,35,38,15,8,
26/08/2000,09,10,11,29,44,49,14,5,
24/08/2000,03,05,09,17,35,38,20,8,
19/08/2000,20,22,25,30,37,48,14,1,
17/08/2000,02,12,20,24,31,47,16,6,
12/08/2000,01,15,20,33,37,49,28,7,
10/08/2000,03,06,11,35,41,43,37,5,
5/08/2000,10,14,24,25,32,47,16,5,
3/08/2000,03,15,18,19,34,46,09,1,
29/07/2000,16,17,40,42,45,47,01,7,
27/07/2000,10,27,32,39,42,44,29,4,
22/07/2000,04,14,20,35,45,46,18,9,
20/07/2000,06,09,18,21,37,47,20,2,
15/07/2000,01,07,15,24,25,42,10,0,
13/07/2000,09,10,11,17,30,39,03,2,
8/07/2000,03,25,27,31,37,48,47,1,
6/07/2000,04,10,22,29,36,48,31,9,
1/07/2000,03,35,37,41,44,46,04,2,
29/06/2000,08,09,25,44,47,48,07,3,
24/06/2000,15,22,28,36,44,46,33,8,
22/06/2000,18,25,27,36,41,42,21,7,
17/06/2000,11,20,27,42,44,46,47,9,
15/06/2000,08,29,32,37,40,49,25,1,
10/06/2000,24,30,34,44,46,49,19,9,
8/06/2000,18,22,31,32,34,45,24,9,
3/06/2000,03,05,21,28,34,40,08,7,
1/06/2000,06,14,17,23,24,41,32,9,
27/05/2000,09,12,30,31,34,38,08,6,
25/05/2000,02,08,20,22,26,45,29,0,
20/05/2000,02,07,23,40,46,47,37,1,
18/05/2000,02,14,19,29,30,33,03,1,
13/05/2000,04,13,22,33,34,43,09,1,
11/05/2000,03,23,37,38,47,48,11,3,
6/05/2000,05,28,34,35,40,41,39,6,
4/05/2000,09,14,21,23,39,48,07,1,
29/04/2000,04,13,26,32,36,38,10,7,
27/04/2000,10,12,24,35,44,48,19,9,
22/04/2000,03,12,15,25,32,49,30,9,
20/04/2000,03,06,16,42,45,48,23,8,
15/04/2000,14,23,27,28,38,43,06,7,
13/04/2000,02,13,27,41,42,47,32,7,
8/04/2000,03,21,29,33,34,36,06,5,
6/04/2000,04,10,13,15,22,30,48,0,
1/04/2000,03,07,08,24,28,44,26,0,
30/03/2000,05,15,31,42,45,47,39,0,
25/03/2000,04,13,22,27,28,35,11,9,
23/03/2000,04,09,10,17,19,37,30,8,
18/03/2000,04,09,14,25,26,39,30,2,
16/03/2000,07,09,11,31,35,46,24,0,
11/03/2000,06,19,20,25,34,46,33,1,
9/03/2000,01,02,20,34,39,42,09,5,
4/03/2000,07,10,16,26,38,39,01,5,
2/03/2000,07,14,16,28,36,48,33,1,
26/02/2000,04,08,18,19,21,36,15,6,
24/02/2000,09,10,18,21,34,42,45,3,
19/02/2000,15,31,32,35,38,44,30,4,
17/02/2000,05,21,36,38,41,44,12,1,
12/02/2000,01,11,16,17,30,45,08,7,
10/02/2000,09,10,25,26,27,31,04,7,
5/02/2000,14,15,18,19,45,49,10,5,
3/02/2000,14,22,32,34,47,49,48,1,
29/01/2000,10,11,15,19,38,41,25,0,
27/01/2000,11,25,26,30,34,39,33,6,
22/01/2000,03,18,19,24,36,42,28,2,
20/01/2000,06,09,18,22,39,48,08,2,
15/01/2000,05,07,10,30,37,47,25,1,
13/01/2000,05,15,31,36,45,47,20,0,
8/01/2000,06,10,12,28,32,41,15,3,
6/01/2000,15,19,29,31,40,46,12,6,
1/01/2000,03,08,14,26,28,29,39,3,
30/12/1999,01,07,17,21,25,48,42,6,
25/12/1999,06,08,09,12,36,46,35,9,
23/12/1999,02,04,14,25,26,40,37,2,
18/12/1999,06,10,12,14,35,43,20,6,
16/12/1999,01,05,06,21,25,41,30,3,
11/12/1999,15,16,18,23,30,48,44,3,
9/12/1999,10,17,34,36,41,43,28,4,
4/12/1999,06,12,23,30,38,41,22,8,
2/12/1999,03,24,25,31,34,36,14,4,
27/11/1999,02,06,14,17,30,41,28,6,
25/11/1999,11,15,17,22,23,49,34,7,
20/11/1999,09,23,29,45,47,49,10,1,
18/11/1999,01,03,12,29,34,38,07,4,
13/11/1999,03,16,20,24,35,48,40,7,
11/11/1999,18,23,30,31,42,48,49,2,
6/11/1999,06,07,20,40,43,45,10,2,
4/11/1999,06,13,21,32,35,49,05,8,
30/10/1999,03,13,35,36,46,48,31,5,
28/10/1999,12,19,23,24,29,41,42,2,
23/10/1999,07,11,19,25,33,41,17,5,
21/10/1999,11,16,24,28,35,40,36,2,
16/10/1999,02,03,10,16,34,46,43,1,
14/10/1999,10,16,32,35,39,48,44,4,
9/10/1999,01,07,19,22,28,41,29,7,
7/10/1999,03,21,26,30,34,39,22,6,
2/10/1999,10,16,29,30,32,41,19,6,
30/09/1999,07,20,22,25,29,32,24,9,
25/09/1999,01,15,19,21,24,34,17,9,
23/09/1999,02,13,14,27,37,49,42,2,
18/09/1999,03,09,31,39,43,45,32,1,
16/09/1999,04,11,20,33,39,49,42,7,
11/09/1999,11,20,23,32,40,45,25,4,
9/09/1999,06,09,14,17,22,46,02,0,
4/09/1999,06,21,30,39,44,48,14,3,
2/09/1999,12,13,14,27,29,30,25,4,
28/08/1999,08,15,16,23,38,39,30,7,
26/08/1999,01,03,11,16,48,49,24,5,
21/08/1999,07,18,22,34,45,48,36,9,
19/08/1999,06,09,14,29,30,34,24,9,
14/08/1999,02,16,32,42,43,46,28,0,
12/08/1999,05,21,31,33,41,49,46,1,
7/08/1999,02,04,12,16,19,32,01,4,
5/08/1999,12,27,35,37,39,42,19,8,
31/07/1999,16,23,30,32,36,42,49,1,
29/07/1999,01,07,21,27,41,43,11,4,
24/07/1999,02,17,28,37,47,49,14,7,
22/07/1999,29,36,40,42,47,48,05,3,
17/07/1999,09,22,25,29,33,43,19,7,
15/07/1999,01,22,28,32,39,48,47,2,
10/07/1999,21,29,34,37,38,48,40,2,
8/07/1999,09,10,15,30,36,38,08,5,
3/07/1999,06,11,13,27,36,47,48,9,
1/07/1999,10,21,23,25,32,36,45,2,
26/06/1999,01,04,16,30,47,48,49,2,
24/06/1999,05,10,23,39,41,42,35,2,
19/06/1999,06,19,23,31,33,39,41,2,
17/06/1999,03,04,07,17,22,29,15,2,
12/06/1999,07,08,14,27,42,48,44,2,
10/06/1999,04,16,18,23,36,49,43,1,
5/06/1999,02,07,30,32,45,46,48,8,
3/06/1999,03,27,29,32,39,42,36,3,
29/05/1999,06,15,30,33,42,46,24,8,
27/05/1999,05,16,35,38,46,47,24,7,
22/05/1999,03,08,20,36,45,49,47,1,
20/05/1999,03,04,05,09,22,46,18,1,
15/05/1999,01,15,21,29,31,39,05,1,
13/05/1999,01,07,15,24,26,48,25,8,
8/05/1999,04,05,07,31,38,44,11,2,
6/05/1999,12,36,39,41,42,45,49,9,
1/05/1999,09,10,20,26,29,37,14,6,
29/04/1999,03,17,21,26,31,44,46,8,
24/04/1999,08,15,16,37,38,43,41,1,
22/04/1999,09,28,29,38,45,46,33,3,
17/04/1999,07,16,27,36,42,49,09,2,
15/04/1999,10,16,23,29,32,36,26,5,
10/04/1999,14,23,31,35,44,49,21,9,
8/04/1999,22,30,32,34,38,39,21,3,
3/04/1999,03,17,20,23,39,45,27,0,
1/04/1999,06,08,11,12,14,42,46,2,
27/03/1999,04,08,14,31,33,34,42,4,
25/03/1999,02,04,07,08,12,20,28,1,
20/03/1999,03,05,06,36,37,48,21,7,
18/03/1999,02,06,14,16,31,46,43,9,
13/03/1999,11,12,18,24,28,37,26,5,
11/03/1999,15,22,26,27,35,40,23,9,
6/03/1999,05,10,25,32,36,45,03,6,
4/03/1999,04,06,21,27,29,31,10,6,
27/02/1999,07,16,18,21,32,42,44,0,
25/02/1999,03,08,21,36,39,44,15,6,
20/02/1999,05,06,07,08,16,31,14,6,
18/02/1999,09,10,17,35,36,48,21,9,
13/02/1999,06,19,28,29,31,45,25,5,
11/02/1999,12,14,16,35,46,48,26,1,
6/02/1999,01,06,24,27,31,38,45,7,
4/02/1999,23,27,28,41,43,48,12,0,
30/01/1999,01,11,17,22,24,42,05,5,
28/01/1999,01,06,10,34,38,39,41,2,
23/01/1999,10,24,28,37,43,44,03,7,
21/01/1999,21,22,26,40,43,48,28,5,
16/01/1999,26,28,30,33,37,49,22,4,
14/01/1999,04,22,31,38,47,49,12,3,
9/01/1999,01,06,16,28,38,43,24,4,
7/01/1999,07,08,11,24,30,35,04,1,
2/01/1999,01,07,11,23,34,47,37,2,
31/12/1998,01,03,27,34,37,38,02,3,
26/12/1998,14,17,20,21,33,38,09,1,
24/12/1998,17,23,27,31,35,39,08,4,
19/12/1998,05,26,35,39,45,49,07,1,
17/12/1998,06,10,32,33,34,40,48,2,
12/12/1998,08,13,18,32,34,44,03,9,
10/12/1998,11,14,25,36,45,48,01,4,
5/12/1998,09,11,24,29,30,40,12,7,
3/12/1998,05,20,22,35,42,45,08,1,
28/11/1998,04,13,18,22,33,39,43,9,
26/11/1998,02,05,08,14,26,45,41,0,
21/11/1998,04,15,17,21,32,34,28,7,
19/11/1998,07,19,24,28,36,46,29,7,
14/11/1998,10,15,31,36,42,44,33,5,
12/11/1998,03,06,10,28,31,49,30,7,
7/11/1998,08,10,16,17,21,29,06,8,
5/11/1998,23,28,31,34,44,49,21,5,
31/10/1998,06,07,08,15,21,47,24,2,
29/10/1998,02,16,19,26,41,46,36,4,
24/10/1998,02,19,28,31,38,47,43,9,
22/10/1998,01,05,27,33,35,44,21,0,
17/10/1998,05,17,22,27,29,41,09,3,
15/10/1998,17,20,32,36,39,48,21,9,
10/10/1998,10,11,14,23,36,39,25,6,
8/10/1998,01,03,11,18,44,46,26,2,
3/10/1998,12,15,19,22,34,37,06,9,
1/10/1998,08,09,12,21,23,33,49,3,
26/09/1998,12,15,31,33,34,45,26,7,
24/09/1998,17,19,22,35,38,45,32,3,
19/09/1998,07,19,22,31,33,39,05,2,
17/09/1998,04,06,11,15,17,24,01,6,
12/09/1998,13,17,20,22,25,38,46,5,
10/09/1998,01,15,20,37,38,45,41,9,
5/09/1998,03,09,11,33,42,45,37,1,
3/09/1998,03,06,07,14,16,35,04,6,
29/08/1998,05,06,19,37,38,47,10,0,
27/08/1998,03,09,12,14,33,38,27,8,
22/08/1998,03,04,11,16,23,35,25,8,
20/08/1998,01,04,18,25,36,43,23,8,
15/08/1998,07,11,28,30,35,45,10,1,
13/08/1998,08,12,16,35,46,47,29,0,
8/08/1998,01,16,24,36,43,46,32,6,
6/08/1998,06,18,39,46,47,49,08,8,
1/08/1998,02,06,11,22,34,38,18,1,
30/07/1998,24,28,32,36,42,48,21,9,
25/07/1998,09,15,19,32,33,38,02,6,
23/07/1998,17,27,38,41,42,44,31,7,
18/07/1998,03,08,36,39,46,47,13,5,
16/07/1998,02,14,21,31,40,42,34,9,
11/07/1998,01,06,28,30,44,45,42,1,
9/07/1998,27,30,41,43,44,49,34,4,
4/07/1998,02,03,05,07,08,25,30,5,
2/07/1998,09,10,18,31,34,38,40,6,
27/06/1998,02,16,22,30,34,48,42,1,
25/06/1998,02,08,27,31,44,47,13,5,
20/06/1998,01,04,16,25,28,41,24,1,
18/06/1998,18,21,30,31,40,41,22,1,
13/06/1998,09,16,22,24,29,45,44,8,
11/06/1998,13,14,29,43,44,49,12,5,
6/06/1998,06,14,25,26,36,38,11,2,
4/06/1998,10,17,20,29,43,45,32,9,
30/05/1998,14,15,16,25,26,45,09,7,
28/05/1998,12,17,23,39,47,49,44,7,
23/05/1998,07,10,12,14,22,31,38,9,
21/05/1998,03,35,40,42,44,48,39,8,
16/05/1998,01,02,12,34,44,47,07,4,
14/05/1998,05,08,11,18,21,48,14,2,
9/05/1998,05,17,27,30,35,47,20,4,
7/05/1998,01,03,04,28,40,43,20,9,
2/05/1998,16,22,23,24,25,29,20,9,
30/04/1998,17,18,23,26,37,49,35,5,
25/04/1998,25,31,32,36,38,39,06,0,
23/04/1998,26,32,33,39,40,41,14,9,
18/04/1998,06,12,37,39,40,46,14,3,
16/04/1998,04,23,31,35,41,42,39,5,
11/04/1998,07,08,11,32,37,45,40,2,
9/04/1998,13,17,19,34,37,40,32,1,
4/04/1998,07,13,14,30,32,34,16,1,
2/04/1998,12,25,26,30,33,35,18,0,
28/03/1998,08,09,13,18,23,43,47,5,
26/03/1998,24,26,32,33,34,46,11,8,
21/03/1998,11,16,20,35,40,47,02,0,
19/03/1998,01,04,10,19,37,40,07,2,
14/03/1998,11,12,30,36,39,41,45,3,
12/03/1998,08,13,15,32,36,42,05,8,
7/03/1998,09,17,22,26,44,45,18,1,
5/03/1998,12,13,15,21,37,43,31,3,
28/02/1998,02,06,14,15,17,29,20,6,
26/02/1998,21,22,24,29,34,46,02,2,
21/02/1998,17,18,23,29,33,47,08,8,
19/02/1998,03,15,20,23,27,33,18,7,
14/02/1998,11,14,23,25,31,45,17,1,
12/02/1998,14,19,28,34,39,49,22,6,
7/02/1998,01,08,13,27,40,41,18,6,
5/02/1998,03,07,09,14,36,45,43,5,
31/01/1998,01,09,18,26,27,37,48,0,
29/01/1998,03,07,15,26,37,44,13,9,
24/01/1998,07,14,15,30,31,38,27,3,
22/01/1998,03,04,14,22,25,41,08,2,
17/01/1998,13,14,24,27,31,32,11,2,
15/01/1998,08,14,15,16,22,25,42,9,
10/01/1998,05,11,12,18,42,46,31,8,
8/01/1998,01,09,17,26,29,37,07,9,
3/01/1998,13,18,21,23,37,39,01,4,
1/01/1998,02,11,30,39,44,48,36,0,
27/12/1997,03,05,13,19,40,42,01,2,
25/12/1997,03,15,26,30,34,47,42,2,
20/12/1997,10,17,24,34,35,37,08,0,
18/12/1997,07,24,25,35,37,41,33,0,
13/12/1997,06,13,16,20,21,36,26,3,
11/12/1997,05,06,15,30,40,48,08,2,
6/12/1997,01,08,21,38,41,49,34,7,
4/12/1997,04,08,14,19,34,47,01,1,
29/11/1997,06,19,30,35,38,40,21,5,
27/11/1997,06,11,19,26,36,45,25,7,
22/11/1997,01,07,23,25,30,49,24,0,
20/11/1997,23,35,40,41,42,43,02,4,
15/11/1997,02,06,16,42,44,48,24,9,
13/11/1997,17,28,33,36,40,45,01,4,
8/11/1997,08,09,25,34,37,44,18,3,
6/11/1997,05,12,13,18,30,45,09,3,
1/11/1997,01,22,23,27,32,42,20,4,
30/10/1997,05,06,23,26,34,40,32,3,
25/10/1997,03,07,08,36,42,45,21,6,
23/10/1997,17,23,25,30,41,45,21,3,
18/10/1997,05,18,23,28,34,49,35,6,
16/10/1997,10,14,16,20,32,43,29,6,
11/10/1997,03,13,16,35,38,44,09,2,
9/10/1997,10,15,17,25,27,47,16,1,
4/10/1997,13,14,19,30,39,47,06,6,
2/10/1997,05,07,17,24,25,38,01,1,
27/09/1997,21,26,34,37,38,49,17,5,
25/09/1997,07,10,12,19,25,41,47,4,
20/09/1997,02,21,25,29,46,47,42,3,
18/09/1997,03,19,25,27,38,47,37,5,
13/09/1997,01,06,10,26,36,41,04,7,
11/09/1997,03,14,18,30,37,40,07,6,
6/09/1997,03,08,18,26,38,42,44,5,
4/09/1997,02,03,25,26,32,49,17,7,
30/08/1997,10,14,30,36,39,40,09,0,
28/08/1997,10,13,18,25,33,35,39,4,
23/08/1997,05,06,13,37,40,45,10,4,
21/08/1997,15,20,21,24,26,28,32,2,
16/08/1997,07,13,19,26,40,48,47,8,
14/08/1997,09,13,18,19,28,33,27,2,
9/08/1997,27,30,34,38,45,47,28,4,
7/08/1997,08,21,22,26,28,48,32,0,
2/08/1997,19,22,31,32,45,46,05,7,
31/07/1997,17,33,37,38,42,44,09,4,
26/07/1997,10,15,23,27,28,29,06,2,
24/07/1997,01,02,08,10,33,44,37,3,
19/07/1997,04,07,18,31,35,38,20,3,
17/07/1997,19,20,22,26,35,42,01,8,
12/07/1997,20,28,29,32,48,49,39,9,
10/07/1997,03,20,22,23,44,46,29,9,
5/07/1997,05,27,30,37,38,48,09,9,
3/07/1997,01,10,20,21,25,35,32,9,
28/06/1997,01,21,31,41,44,48,46,2,
26/06/1997,01,24,25,27,45,49,47,3,
21/06/1997,04,14,22,26,27,43,18,4,
19/06/1997,18,31,37,39,40,42,27,7,
14/06/1997,03,23,27,32,39,40,35,8,
12/06/1997,06,25,29,35,36,43,37,5,
7/06/1997,11,13,17,21,30,37,15,2,
5/06/1997,20,24,33,34,43,46,22,7,
31/05/1997,10,20,23,32,46,48,30,9,
29/05/1997,11,14,16,20,28,47,41,8,
24/05/1997,16,22,26,32,38,41,15,3,
22/05/1997,01,04,10,12,15,32,26,0,
17/05/1997,04,23,28,38,46,47,06,4,
15/05/1997,04,09,12,19,44,45,47,2,
10/05/1997,03,04,21,27,29,38,37,9,
8/05/1997,10,13,27,30,34,38,08,4,
3/05/1997,02,06,13,14,33,43,25,6,
1/05/1997,13,15,25,30,37,43,49,9,
26/04/1997,04,13,18,37,40,44,42,3,
24/04/1997,06,07,23,29,35,36,40,1,
19/04/1997,06,19,30,32,42,49,04,1,
17/04/1997,05,06,08,15,25,46,10,8,
12/04/1997,06,12,18,20,23,27,44,2,
10/04/1997,19,21,22,25,38,41,30,7,
5/04/1997,22,29,33,38,44,49,31,2,
3/04/1997,12,21,23,35,37,42,22,1,
29/03/1997,03,13,22,28,34,44,33,1,
27/03/1997,02,03,21,24,35,45,38,8,
22/03/1997,01,03,21,25,34,41,40,4,
20/03/1997,08,13,19,23,27,30,44,0,
15/03/1997,20,24,29,32,37,47,36,8,
13/03/1997,05,07,09,29,34,47,03,7,
8/03/1997,09,16,32,41,42,49,36,4,
6/03/1997,06,09,16,27,39,45,46,1,
1/03/1997,07,18,27,43,46,47,34,6,
27/02/1997,08,09,13,23,31,37,48,6,
22/02/1997,11,20,42,45,48,49,13,5,
20/02/1997,03,06,16,21,35,48,40,9,
15/02/1997,07,10,18,20,23,44,16,0,
13/02/1997,08,11,19,20,27,29,05,1,
8/02/1997,05,21,29,35,40,42,30,7,
6/02/1997,03,06,10,19,20,28,32,0,
1/02/1997,09,21,31,39,44,47,45,5,
30/01/1997,03,04,11,12,15,31,26,2,
25/01/1997,02,08,11,21,28,44,03,5,
23/01/1997,06,32,37,41,42,45,46,7,
18/01/1997,07,19,25,28,29,37,36,3,
16/01/1997,08,10,12,23,39,40,26,8,
11/01/1997,02,27,30,32,40,45,16,6,
9/01/1997,12,24,29,30,31,48,13,3,
4/01/1997,01,11,12,18,26,40,44,1,
2/01/1997,08,25,29,36,38,48,16,9,
28/12/1996,03,10,15,32,38,49,13,1,
26/12/1996,03,05,18,27,39,46,09,3,
21/12/1996,08,10,20,21,24,38,44,5,
19/12/1996,06,24,26,34,44,47,15,7,
14/12/1996,17,19,23,26,31,32,13,2,
12/12/1996,13,17,26,28,29,33,07,5,
7/12/1996,05,06,22,34,39,44,33,2,
5/12/1996,02,16,17,31,36,37,20,5,
30/11/1996,04,13,26,27,32,43,22,8,
28/11/1996,07,09,38,39,40,43,23,8,
23/11/1996,03,09,23,37,38,44,08,6,
21/11/1996,03,06,12,24,33,37,27,2,
16/11/1996,04,14,19,20,29,45,02,5,
14/11/1996,02,03,05,15,28,32,37,2,
9/11/1996,18,26,27,37,44,49,09,6,
7/11/1996,04,09,12,13,24,42,26,1,
2/11/1996,14,18,33,36,45,48,09,4,
31/10/1996,01,16,23,32,34,43,48,8,
26/10/1996,01,05,09,11,18,25,33,9,
24/10/1996,06,08,10,33,40,43,13,7,
19/10/1996,01,07,16,23,37,49,14,1,
17/10/1996,07,10,11,24,26,48,44,7,
12/10/1996,01,05,16,17,39,45,11,2,
10/10/1996,06,11,15,29,35,47,03,6,
5/10/1996,01,05,06,13,18,36,29,6,
3/10/1996,03,11,17,29,41,45,10,3,
28/09/1996,11,21,27,34,41,48,23,7,
26/09/1996,05,16,20,38,43,45,22,2,
21/09/1996,07,17,23,26,47,49,27,1,
19/09/1996,02,13,14,19,24,36,29,4,
14/09/1996,06,09,21,29,37,43,07,8,
12/09/1996,03,14,15,30,38,48,41,8,
7/09/1996,02,29,35,39,44,45,32,2,
5/09/1996,14,25,28,35,36,38,48,6,
31/08/1996,02,05,06,33,35,40,13,8,
29/08/1996,01,09,20,23,29,34,13,5,
24/08/1996,03,07,10,14,23,43,37,4,
22/08/1996,05,14,35,36,37,40,02,6,
17/08/1996,09,13,21,22,33,40,36,0,
15/08/1996,04,12,32,36,47,48,44,3,
10/08/1996,14,17,19,21,41,43,28,9,
8/08/1996,17,19,22,26,41,42,44,6,
3/08/1996,06,32,33,34,38,47,04,2,
1/08/1996,01,11,24,27,40,46,34,2,
27/07/1996,06,16,18,30,37,40,48,1,
25/07/1996,01,03,12,19,29,44,28,6,
20/07/1996,02,11,29,36,44,47,49,5,
18/07/1996,12,21,29,35,42,44,41,0,
13/07/1996,08,10,12,30,35,46,41,9,
11/07/1996,01,21,42,43,44,45,36,3,
6/07/1996,12,17,18,19,22,32,42,0,
4/07/1996,07,11,13,27,32,47,45,6,
29/06/1996,01,39,43,45,46,49,26,0,
27/06/1996,10,14,16,20,36,46,45,8,
22/06/1996,07,08,13,19,26,33,01,04,
20/06/1996,06,11,16,37,40,48,24,6,
15/06/1996,07,25,27,38,40,41,10,5,
13/06/1996,04,36,43,46,47,49,38,5,
8/06/1996,12,20,31,34,36,45,18,5,
6/06/1996,03,04,10,19,25,46,17,0,
1/06/1996,06,14,18,30,46,48,10,4,
30/05/1996,05,12,25,27,43,46,40,0,
25/05/1996,27,33,39,41,44,46,42,6,
23/05/1996,06,16,19,20,38,49,40,7,
18/05/1996,07,16,17,29,30,48,28,9,
16/05/1996,01,05,06,10,45,49,14,1,
11/05/1996,06,14,28,30,45,49,05,8,
9/05/1996,06,11,13,14,23,44,49,5,
4/05/1996,10,13,26,37,38,45,47,4,
2/05/1996,13,14,23,28,38,41,36,6,
27/04/1996,03,23,36,44,47,49,21,7,
25/04/1996,01,15,21,30,40,47,24,2,
20/04/1996,08,14,17,19,24,49,37,6,
18/04/1996,06,13,17,21,25,26,32,4,
13/04/1996,03,06,16,24,39,49,22,0,
11/04/1996,07,08,12,16,31,44,19,1,
6/04/1996,06,14,16,18,27,39,01,1,
4/04/1996,02,10,12,22,36,49,27,5,
30/03/1996,01,02,21,30,41,46,20,4,
28/03/1996,07,13,14,20,29,38,11,9,
23/03/1996,01,14,17,25,43,48,38,9,
21/03/1996,03,13,20,23,31,36,06,0,
16/03/1996,17,38,39,44,45,47,19,9,
14/03/1996,04,05,29,31,36,47,02,3,
9/03/1996,04,17,20,24,34,47,18,3,
7/03/1996,07,11,14,19,25,47,06,2,
2/03/1996,01,10,23,24,29,47,43,3,
29/02/1996,13,23,33,36,42,47,41,0,
24/02/1996,24,29,37,38,39,45,46,5,
22/02/1996,01,05,12,24,34,42,08,2,
17/02/1996,04,14,33,36,39,43,41,2,
15/02/1996,02,06,08,23,26,31,28,8,
10/02/1996,01,04,05,07,36,45,38,4,
8/02/1996,21,22,27,29,40,48,35,2,
3/02/1996,01,30,32,37,40,45,03,9,
1/02/1996,03,11,14,18,29,36,45,8,
27/01/1996,04,10,31,39,42,47,28,8,
25/01/1996,02,05,10,30,34,35,46,7,
20/01/1996,09,17,20,21,26,37,08,7,
18/01/1996,09,29,32,36,40,41,21,8,
13/01/1996,02,03,04,25,41,46,33,6,
11/01/1996,06,12,13,31,40,45,32,1,
6/01/1996,05,31,33,40,47,49,07,5,
4/01/1996,06,08,23,32,33,42,15,4,
30/12/1995,01,19,31,32,36,43,42,1,
28/12/1995,03,06,20,31,36,42,09,2,
23/12/1995,05,15,17,20,24,29,31,0,
21/12/1995,08,10,28,35,42,46,38,8,
16/12/1995,09,20,21,22,42,44,30,0,
14/12/1995,24,25,31,39,41,45,03,5,
9/12/1995,07,08,26,37,39,41,13,8,
7/12/1995,03,14,16,24,32,39,36,4,
2/12/1995,06,07,10,13,28,35,20,4,
30/11/1995,03,07,10,30,31,37,41,7,
25/11/1995,07,09,12,28,35,41,37,8,
23/11/1995,02,09,28,34,35,41,10,3,
18/11/1995,04,09,10,29,35,40,12,7,
16/11/1995,01,09,11,17,32,36,38,7,
11/11/1995,02,04,06,11,20,48,17,5,
9/11/1995,17,21,32,34,35,41,06,5,
4/11/1995,06,13,22,24,31,34,28,6,
2/11/1995,02,10,19,23,32,35,47,0,
28/10/1995,05,16,24,26,28,33,30,5,
26/10/1995,06,32,39,40,41,47,08,6,
21/10/1995,02,04,10,24,27,46,03,7,
19/10/1995,04,12,14,32,37,48,22,1,
14/10/1995,04,07,13,27,34,36,09,2,
12/10/1995,12,20,26,32,33,47,06,1,
7/10/1995,17,20,27,33,39,47,36,4,
5/10/1995,02,05,10,14,18,48,46,0,
30/09/1995,01,04,12,16,31,42,35,9,
28/09/1995,10,15,36,38,44,45,26,5,
23/09/1995,01,15,24,33,40,41,44,4,
21/09/1995,03,04,18,19,25,44,26,5,
16/09/1995,19,22,26,30,37,41,05,7,
14/09/1995,09,11,17,26,32,39,05,3,
9/09/1995,01,02,03,08,42,45,31,8,
7/09/1995,07,14,19,22,23,35,08,9,
2/09/1995,04,15,17,20,25,32,37,5,
31/08/1995,04,09,13,29,39,46,49,4,
26/08/1995,04,16,18,22,36,48,07,7,
24/08/1995,08,09,19,30,34,48,23,5,
19/08/1995,16,34,35,38,45,46,29,5,
17/08/1995,05,07,28,33,35,47,02,0,
12/08/1995,04,08,11,16,31,37,03,3,
10/08/1995,09,11,13,27,37,42,32,3,
5/08/1995,07,16,25,33,37,47,49,1,
3/08/1995,05,07,12,29,34,35,25,6,
29/07/1995,05,06,07,16,40,43,37,1,
27/07/1995,01,21,30,31,41,48,03,7,
22/07/1995,01,29,31,36,45,46,42,7,
20/07/1995,01,11,18,29,33,49,45,3,
15/07/1995,04,14,20,22,27,45,21,5,
13/07/1995,12,22,28,34,39,48,42,7,
8/07/1995,05,10,14,22,30,47,49,7,
6/07/1995,08,11,19,34,36,42,05,2,
1/07/1995,02,23,28,37,44,48,09,5,
29/06/1995,11,12,25,35,36,37,24,2,
24/06/1995,01,16,26,28,29,41,47,1,
22/06/1995,08,14,16,21,26,49,03,9,
17/06/1995,13,17,35,38,42,48,43,5,
15/06/1995,10,11,38,40,42,47,39,8,
10/06/1995,12,13,16,21,22,42,46,9,
8/06/1995,02,08,09,21,26,33,22,4,
3/06/1995,03,08,09,10,14,22,31,1,
1/06/1995,02,13,14,15,33,36,11,3,
27/05/1995,21,26,28,34,39,42,12,8,
25/05/1995,02,05,06,45,46,47,42,1,
20/05/1995,03,19,24,27,34,39,48,1,
18/05/1995,05,23,24,37,41,48,46,0,
13/05/1995,01,08,09,27,34,39,33,1,
11/05/1995,03,09,16,17,40,47,23,8,
6/05/1995,02,09,16,21,39,44,27,0,
4/05/1995,11,17,20,23,38,45,27,1,
29/04/1995,02,06,07,28,44,45,48,7,
27/04/1995,01,03,21,25,26,40,28,4,
22/04/1995,08,10,28,36,37,47,18,6,
20/04/1995,06,11,22,31,34,41,30,9,
15/04/1995,04,06,13,15,21,48,35,3,
13/04/1995,01,14,16,19,21,42,07,3,
8/04/1995,12,18,24,27,33,39,47,2,
6/04/1995,03,12,19,37,38,48,31,2,
1/04/1995,03,15,18,29,43,47,22,9,
30/03/1995,15,25,43,44,46,48,18,4,
25/03/1995,09,21,25,37,38,39,11,3,
23/03/1995,05,18,24,36,43,47,27,3,
18/03/1995,18,19,31,33,35,42,47,6,
16/03/1995,06,08,26,33,35,49,05,6,
11/03/1995,10,16,29,42,43,48,17,2,
9/03/1995,01,12,16,26,46,47,49,1,
4/03/1995,02,14,24,25,33,44,09,9,
2/03/1995,01,15,19,26,46,47,38,8,
25/02/1995,07,08,11,28,30,32,09,3,
23/02/1995,07,13,14,20,23,48,25,3,
18/02/1995,07,08,12,36,38,44,22,4,
16/02/1995,05,15,17,22,32,40,43,3,
11/02/1995,05,11,15,19,29,32,45,2,
9/02/1995,02,09,20,25,40,43,49,9,
4/02/1995,06,10,15,16,38,43,39,1,
2/02/1995,07,14,18,39,43,47,38,4,
28/01/1995,06,17,32,33,35,41,13,3,
26/01/1995,01,11,30,35,45,47,16,1,
21/01/1995,04,07,09,21,31,38,18,0,
19/01/1995,18,25,37,38,44,49,31,1,
14/01/1995,01,05,07,16,21,27,33,2,
12/01/1995,05,08,11,35,40,49,37,8,
7/01/1995,01,02,10,31,33,49,22,4,
5/01/1995,01,09,16,17,20,31,15,7,
31/12/1994,01,03,07,18,21,42,47,5,
29/12/1994,03,15,18,36,40,44,01,6,
24/12/1994,02,08,15,27,34,39,01,8,
22/12/1994,01,05,26,45,47,48,21,7,
17/12/1994,07,23,25,27,29,49,45,5,
15/12/1994,02,15,25,34,35,36,39,2,
10/12/1994,17,28,33,34,36,41,40,5,
8/12/1994,03,17,18,23,25,42,24,5,
3/12/1994,01,20,23,26,32,36,46,8,
1/12/1994,04,14,38,43,44,48,03,1,
26/11/1994,04,17,25,26,30,49,06,3,
24/11/1994,08,15,20,46,47,48,49,5,
19/11/1994,15,18,23,27,32,41,11,8,
17/11/1994,01,06,17,26,30,32,39,2,
12/11/1994,01,06,21,29,33,43,42,4,
10/11/1994,06,07,25,36,41,43,08,0,
5/11/1994,18,22,23,33,40,42,28,4,
3/11/1994,04,06,10,17,32,45,36,9,
29/10/1994,02,06,09,18,28,33,45,4,
27/10/1994,09,15,27,32,47,49,08,6,
22/10/1994,03,08,10,14,19,49,48,8,
20/10/1994,09,14,28,29,42,44,46,6,
15/10/1994,11,14,17,22,23,48,46,7,
13/10/1994,03,10,12,26,30,38,49,4,
8/10/1994,01,04,23,30,31,32,20,2,
6/10/1994,15,22,26,29,33,35,12,4,
1/10/1994,03,10,12,15,26,33,25,2,
29/09/1994,02,19,27,29,45,49,47,7,
24/09/1994,07,08,17,25,32,35,26,2,
22/09/1994,12,14,30,40,42,49,39,9,
17/09/1994,26,28,31,40,46,47,07,1,
15/09/1994,12,17,21,23,29,35,31,0,
10/09/1994,01,15,20,32,41,48,14,9,
8/09/1994,26,27,39,40,41,49,42,9,
3/09/1994,03,13,16,33,44,49,14,8,
1/09/1994,01,02,09,13,19,20,15,7,
27/08/1994,11,13,22,24,25,39,19,3,
25/08/1994,02,10,12,18,19,43,35,5,
20/08/1994,19,24,28,32,41,47,36,2,
18/08/1994,05,09,20,24,25,45,23,2,
13/08/1994,07,08,27,30,37,45,36,6,
11/08/1994,08,11,19,32,37,39,21,7,
6/08/1994,08,13,17,33,45,47,32,0,
4/08/1994,30,33,42,44,46,47,02,9,
30/07/1994,03,16,26,28,37,41,30,4,
28/07/1994,11,22,35,39,46,48,13,7,
23/07/1994,16,30,38,39,42,44,25,0,
21/07/1994,10,13,28,31,34,38,39,2,
16/07/1994,11,15,26,33,38,45,09,3,
14/07/1994,12,14,15,25,43,47,39,7,
9/07/1994,16,21,24,39,44,46,48,2,
7/07/1994,08,15,17,20,29,36,39,8,
2/07/1994,01,10,14,40,48,49,26,5,
30/06/1994,05,09,33,40,46,47,13,5,
25/06/1994,03,08,22,27,33,41,47,0,
23/06/1994,01,12,23,35,40,45,02,9,
18/06/1994,02,07,09,11,14,16,25,9,
16/06/1994,04,15,29,39,42,43,14,8,
11/06/1994,01,07,21,28,29,34,49,9,
9/06/1994,02,12,22,26,27,41,16,6,
4/06/1994,18,29,33,39,43,48,46,5,
2/06/1994,05,06,15,20,23,27,41,3,
28/05/1994,10,11,13,15,25,29,26,9,
26/05/1994,09,20,32,34,35,39,49,0,
21/05/1994,07,12,13,24,41,48,39,3,
19/05/1994,05,09,22,29,33,42,14,1,
14/05/1994,09,10,13,39,43,49,03,8,
12/05/1994,08,20,22,28,30,41,11,2,
7/05/1994,07,12,25,31,41,43,33,9,
5/05/1994,06,21,25,27,35,40,22,5,
30/04/1994,06,09,12,18,21,40,22,6,
28/04/1994,03,09,19,22,39,40,30,3,
23/04/1994,03,13,22,38,42,48,17,4,
21/04/1994,04,08,34,39,41,45,35,1,
16/04/1994,02,11,24,28,38,48,26,0,
14/04/1994,08,13,29,32,38,42,22,5,
9/04/1994,06,15,19,39,43,46,16,9,
7/04/1994,18,25,35,38,40,42,20,0,
2/04/1994,10,14,19,24,27,42,06,7,
31/03/1994,03,04,13,27,31,45,25,8,
26/03/1994,21,31,34,40,48,49,32,0,
24/03/1994,07,13,22,40,44,45,47,6,
19/03/1994,14,24,25,28,33,45,06,4,
17/03/1994,09,10,21,24,45,48,01,4,
12/03/1994,07,10,26,34,42,43,11,3,
10/03/1994,06,10,11,13,23,32,21,6,
5/03/1994,02,14,21,32,33,44,28,8,
3/03/1994,05,16,17,35,40,45,39,4,
26/02/1994,01,15,22,33,35,41,34,8,
24/02/1994,11,26,30,31,34,45,24,9,
19/02/1994,05,11,12,16,22,35,02,0,
17/02/1994,03,26,30,43,46,47,01,9,
12/02/1994,09,16,22,42,48,49,45,7,
10/02/1994,03,04,14,16,33,49,29,5,
5/02/1994,03,14,15,31,47,48,34,6,
3/02/1994,01,03,17,20,39,40,31,6,
29/01/1994,05,10,11,42,45,46,26,8,
27/01/1994,18,28,29,33,38,41,16,8,
22/01/1994,09,15,16,22,34,36,39,4,
20/01/1994,05,07,14,34,40,42,30,0,
15/01/1994,01,08,17,35,43,49,21,9,
13/01/1994,03,13,15,16,39,43,19,0,
8/01/1994,20,25,27,40,44,49,23,8,
6/01/1994,07,08,18,35,43,49,21,2,
1/01/1994,08,23,25,32,38,47,28,8,
30/12/1993,04,05,18,30,31,44,21,0,
25/12/1993,02,06,13,30,42,44,07,9,
23/12/1993,02,05,06,18,34,45,47,0,
18/12/1993,05,25,33,36,43,44,07,2,
16/12/1993,11,19,20,35,37,42,02,1,
11/12/1993,05,23,25,41,44,47,01,9,
9/12/1993,07,10,14,19,35,44,38,6,
4/12/1993,02,11,13,29,32,38,33,8,
2/12/1993,01,09,17,30,37,40,15,4,
27/11/1993,04,06,22,23,32,43,42,2,
25/11/1993,07,14,23,26,27,28,29,6,
20/11/1993,02,21,24,26,27,47,41,8,
18/11/1993,07,13,20,26,39,46,38,0,
13/11/1993,08,11,27,33,34,46,05,3,
11/11/1993,02,07,18,30,39,40,26,0,
6/11/1993,05,10,14,17,24,33,39,6,
4/11/1993,21,23,26,31,37,40,43,8,
30/10/1993,09,23,31,38,40,46,13,5,
28/10/1993,13,23,24,25,26,38,44,2,
23/10/1993,14,28,29,32,45,49,38,2,
21/10/1993,05,13,20,22,37,49,47,4,
16/10/1993,08,20,23,25,26,43,18,3,
14/10/1993,09,10,22,26,38,43,21,3,
9/10/1993,03,05,07,12,24,26,29,8,
7/10/1993,03,11,16,21,34,35,26,1,
2/10/1993,06,07,11,28,32,49,45,3,
30/09/1993,02,21,22,27,39,47,08,5,
25/09/1993,05,08,12,13,43,47,36,5,
23/09/1993,09,14,22,27,34,43,08,5,
18/09/1993,18,21,22,26,30,44,20,7,
16/09/1993,01,05,33,40,43,47,48,6,
11/09/1993,07,11,12,35,46,47,22,5,
9/09/1993,07,09,28,35,36,45,23,0,
4/09/1993,20,22,27,31,38,39,26,3,
2/09/1993,07,10,15,18,19,21,04,0,
28/08/1993,12,20,23,29,32,38,03,3,
26/08/1993,01,17,27,33,36,38,07,0,
21/08/1993,10,11,15,21,39,46,05,3,
19/08/1993,03,05,10,19,36,48,11,0,
14/08/1993,24,28,31,36,38,48,41,9,
12/08/1993,02,13,14,24,32,49,26,1,
7/08/1993,15,16,20,26,31,41,09,1,
5/08/1993,06,08,21,25,29,30,19,1,
31/07/1993,06,28,43,47,48,49,21,6,
29/07/1993,04,07,12,15,30,39,40,9,
24/07/1993,05,11,17,23,27,33,37,6,
22/07/1993,13,20,23,30,39,47,34,6,
17/07/1993,09,16,19,33,41,48,27,0,
15/07/1993,02,04,05,08,09,42,47,3,
10/07/1993,02,03,05,17,26,35,13,4,
8/07/1993,26,39,41,42,44,49,47,7,
3/07/1993,09,21,29,32,36,42,40,8,
1/07/1993,17,18,22,35,40,45,37,3,
26/06/1993,08,16,18,20,23,46,25,2,
24/06/1993,01,09,26,33,42,48,47,5,
19/06/1993,01,10,12,14,17,34,11,0,
17/06/1993,06,07,14,20,35,39,37,2,
12/06/1993,07,18,23,33,37,40,38,4,
10/06/1993,03,08,18,24,36,48,17,5,
5/06/1993,14,25,28,29,38,41,04,7,
3/06/1993,03,05,07,08,26,33,36,5,
29/05/1993,12,28,31,38,45,49,06,3,
27/05/1993,07,09,30,35,36,46,47,6,
22/05/1993,12,15,21,25,42,46,38,9,
20/05/1993,01,05,10,40,46,48,45,5,
15/05/1993,10,17,26,38,39,41,40,5,
13/05/1993,04,06,17,19,44,47,43,2,
8/05/1993,06,12,13,17,36,37,14,7,
6/05/1993,06,07,16,28,43,45,13,5,
1/05/1993,03,04,31,37,39,49,33,9,
29/04/1993,09,16,35,38,41,48,37,1,
24/04/1993,07,25,26,27,42,44,03,7,
22/04/1993,07,09,13,15,40,47,01,2,
17/04/1993,11,16,22,34,36,48,37,1,
15/04/1993,30,36,37,40,41,49,06,1,
10/04/1993,03,17,28,31,33,47,15,3,
8/04/1993,13,19,24,35,36,48,10,0,
3/04/1993,04,09,14,27,40,41,12,2,
1/04/1993,12,27,28,43,45,47,29,7,
27/03/1993,03,16,17,30,47,48,27,0,
25/03/1993,04,07,13,15,19,44,12,6,
20/03/1993,04,18,27,38,43,47,14,2,
18/03/1993,04,18,20,35,45,46,48,6,
13/03/1993,10,13,27,34,35,46,03,5,
11/03/1993,09,26,28,45,46,49,31,3,
6/03/1993,04,12,32,37,39,47,19,7,
4/03/1993,01,14,20,29,40,45,12,9,
27/02/1993,14,18,30,40,45,49,27,5,
25/02/1993,05,20,24,32,35,39,33,6,
20/02/1993,01,04,07,17,20,44,09,8,
18/02/1993,20,22,28,29,31,41,33,3,
13/02/1993,09,16,18,23,31,46,38,9,
11/02/1993,01,08,12,33,40,46,47,2,
6/02/1993,01,11,21,26,33,49,03,5,
4/02/1993,01,07,10,17,27,39,28,6,
30/01/1993,04,10,15,22,25,47,21,6,
28/01/1993,23,26,38,42,43,45,49,2,
23/01/1993,05,06,15,27,36,47,46,5,
21/01/1993,01,10,13,17,19,45,41,8,
16/01/1993,05,13,14,31,36,40,01,2,
14/01/1993,12,21,35,40,41,47,10,7,
9/01/1993,04,06,28,36,45,48,02,9,
7/01/1993,07,10,12,15,20,36,16,2,
2/01/1993,07,15,19,28,29,36,13,6,
31/12/1992,13,16,39,43,45,47,02,6,
26/12/1992,02,03,20,29,42,44,43,0,
24/12/1992,02,17,29,35,42,44,33,2,
19/12/1992,09,36,37,42,44,49,48,7,
17/12/1992,14,16,20,24,36,47,38,4,
12/12/1992,05,09,16,27,28,31,04,8,
10/12/1992,01,25,34,39,46,48,27,7,
5/12/1992,06,18,21,28,33,45,38,2,
3/12/1992,03,14,17,20,35,47,39,8,
28/11/1992,05,14,22,27,29,45,43,9,
26/11/1992,07,16,34,37,39,49,32,7,
21/11/1992,02,03,05,21,32,45,37,1,
19/11/1992,10,16,18,30,46,49,44,1,
14/11/1992,02,10,29,33,36,46,25,5,
12/11/1992,11,14,20,33,45,48,17,3,
7/11/1992,04,08,25,26,32,37,47,8,
5/11/1992,08,14,23,28,29,47,02,8,
31/10/1992,06,15,16,18,24,49,28,0,
29/10/1992,03,09,30,34,38,40,28,1,
24/10/1992,12,13,15,19,21,48,11,4,
22/10/1992,11,30,34,37,41,44,03,9,
17/10/1992,15,20,27,40,45,49,04,7,
15/10/1992,05,06,23,28,34,40,38,2,
10/10/1992,03,16,17,24,30,39,47,6,
8/10/1992,11,13,18,19,41,47,02,8,
3/10/1992,05,10,26,27,28,44,45,4,
1/10/1992,04,20,22,31,37,47,21,0,
26/09/1992,10,15,29,35,44,46,24,1,
24/09/1992,17,18,31,33,42,45,32,6,
19/09/1992,25,28,33,38,43,44,39,7,
17/09/1992,13,14,15,29,39,41,09,5,
12/09/1992,01,02,05,16,25,26,23,7,
10/09/1992,06,08,13,20,32,35,14,8,
5/09/1992,02,06,09,19,25,49,36,0,
3/09/1992,01,08,13,21,38,46,34,9,
29/08/1992,17,23,30,40,46,47,01,4,
27/08/1992,05,07,31,37,40,43,30,5,
22/08/1992,07,19,26,30,43,49,11,8,
20/08/1992,01,16,21,23,26,35,25,4,
15/08/1992,03,06,16,26,27,41,48,9,
13/08/1992,10,15,16,17,22,39,42,2,
8/08/1992,08,12,28,30,31,49,27,1,
6/08/1992,23,25,29,40,42,44,38,3,
1/08/1992,01,07,26,32,42,46,15,8,
30/07/1992,07,14,16,25,31,47,24,6,
25/07/1992,27,33,40,41,45,46,38,1,
23/07/1992,08,09,14,33,42,48,24,4,
18/07/1992,10,22,23,28,31,38,29,1,
16/07/1992,15,19,21,30,31,44,13,0,
11/07/1992,03,13,27,38,42,44,49,1,
9/07/1992,03,04,19,33,45,47,40,6,
4/07/1992,09,12,18,19,43,47,34,1,
2/07/1992,08,09,11,32,38,39,49,7,
27/06/1992,05,08,17,31,41,47,22,1,
25/06/1992,02,14,22,27,34,48,37,5,
20/06/1992,13,24,29,30,37,42,40,7,
18/06/1992,01,04,21,22,24,32,10,5,
13/06/1992,04,12,25,37,44,49,02,4,
11/06/1992,09,14,32,38,39,47,23,8,
6/06/1992,08,11,15,23,25,38,36,7,
4/06/1992,13,26,31,33,42,45,35,2,
30/05/1992,08,11,12,18,21,26,24,3,
28/05/1992,08,09,14,32,40,49,05,3,
23/05/1992,04,05,15,21,25,39,46,9,
21/05/1992,03,06,34,35,40,47,24,2,
16/05/1992,03,19,23,32,33,38,35,3,
14/05/1992,04,10,21,28,41,46,45,0,
9/05/1992,05,09,21,24,25,38,39,4,
7/05/1992,02,17,18,29,42,44,24,5,
2/05/1992,06,11,14,31,39,47,40,8,
30/04/1992,01,08,09,10,25,35,32,5,
25/04/1992,15,16,17,39,41,47,09,8,
23/04/1992,12,16,28,30,40,49,41,1,
18/04/1992,11,16,27,35,39,48,26,9,
16/04/1992,04,13,22,27,39,41,28,7,
11/04/1992,05,19,23,25,31,46,21,6,
9/04/1992,02,06,31,39,43,44,33,6,
4/04/1992,14,21,25,31,42,46,07,3,
2/04/1992,04,15,24,27,39,41,43,5,
28/03/1992,03,06,14,19,37,41,22,3,
26/03/1992,12,26,27,39,42,49,06,0,
21/03/1992,04,13,22,28,38,42,06,2,
19/03/1992,04,06,35,40,46,47,18,8,
14/03/1992,15,25,26,29,33,44,22,0,
12/03/1992,07,12,22,29,38,43,10,5,
7/03/1992,04,18,28,38,41,43,49,2,
5/03/1992,02,03,18,26,29,36,15,7,
29/02/1992,05,09,15,30,31,37,29,3,
27/02/1992,04,18,23,40,42,48,38,0,
22/02/1992,01,02,27,28,42,48,34,5,
20/02/1992,02,03,09,14,38,47,19,0,
15/02/1992,16,19,29,36,42,44,26,2,
13/02/1992,02,06,30,33,36,43,03,3,
8/02/1992,07,14,15,29,31,49,43,7,
6/02/1992,05,08,32,42,45,49,36,2,
1/02/1992,10,12,17,40,43,46,41,3,
30/01/1992,13,15,18,29,30,36,40,5,
25/01/1992,03,08,16,19,23,33,22,7,
23/01/1992,02,06,09,11,37,47,01,7,
18/01/1992,04,22,25,30,37,39,36,4,
16/01/1992,01,04,05,08,32,41,18,3,
11/01/1992,02,14,21,35,39,41,03,6,
9/01/1992,03,14,17,24,27,38,12,7,
4/01/1992,12,16,17,30,43,44,46,0,
2/01/1992,11,18,34,42,48,49,29,1,
28/12/1991,13,23,35,42,44,47,45,7,
26/12/1991,14,18,29,30,32,37,45,2,
21/12/1991,04,10,19,29,30,38,03,5,
19/12/1991,05,08,22,36,40,41,17,8,
14/12/1991,06,26,29,35,42,46,28,9,
12/12/1991,02,07,17,35,39,41,37,9,
7/12/1991,09,14,16,26,44,47,28,4,
5/12/1991,02,11,12,24,43,48,33,0,
30/11/1991,06,09,19,23,37,44,27,3,
28/11/1991,01,04,09,29,40,47,11,3,
23/11/1991,02,09,10,13,34,46,33,9,
21/11/1991,08,18,27,30,33,35,36,0,
16/11/1991,02,11,14,33,37,49,20,3,
14/11/1991,07,15,23,36,37,45,24,3,
9/11/1991,01,11,16,37,48,49,02,8,
7/11/1991,08,15,16,18,22,34,13,0,
2/11/1991,06,12,23,30,35,37,05,5,
31/10/1991,01,07,12,21,42,45,28,0,
26/10/1991,05,12,25,26,33,49,43,1,
24/10/1991,16,26,41,43,44,46,25,6,
19/10/1991,08,10,23,37,41,47,28,5,
17/10/1991,08,19,25,33,34,38,47,5,
12/10/1991,02,11,12,22,33,40,06,8,
10/10/1991,11,16,17,20,25,42,39,1,
5/10/1991,07,09,23,40,47,48,29,7,
3/10/1991,02,19,24,38,39,44,34,1,
28/09/1991,14,22,23,38,40,43,21,8,
26/09/1991,06,11,13,18,24,43,01,9,
21/09/1991,05,17,27,34,37,44,46,5,
19/09/1991,01,09,10,15,24,36,27,8,
14/09/1991,04,14,31,38,41,44,19,4,
12/09/1991,01,22,30,39,46,47,45,4,
7/09/1991,11,30,33,39,45,49,48,0,
5/09/1991,06,15,23,26,41,47,16,2,
31/08/1991,16,19,20,29,38,48,33,5,
29/08/1991,15,17,20,23,41,48,28,0,
24/08/1991,13,16,17,22,25,34,38,2,
22/08/1991,05,10,22,24,33,36,03,3,
17/08/1991,15,17,23,27,28,42,32,2,
15/08/1991,14,15,26,31,36,43,13,3,
10/08/1991,01,07,08,12,15,18,32,3,
8/08/1991,04,10,13,15,35,37,47,4,
3/08/1991,01,15,20,27,28,34,25,6,
1/08/1991,05,08,25,28,34,47,22,1,
27/07/1991,02,08,18,20,22,29,25,5,
25/07/1991,03,20,26,29,30,37,10,1,
20/07/1991,01,06,13,17,24,38,44,0,
18/07/1991,08,13,14,24,30,32,12,5,
13/07/1991,05,12,19,31,39,44,41,5,
11/07/1991,05,13,15,25,42,49,32,7,
6/07/1991,11,21,26,28,46,47,25,4,
4/07/1991,01,03,12,20,21,47,05,7,
29/06/1991,03,04,18,27,44,46,02,2,
27/06/1991,17,22,27,31,34,39,37,4,
22/06/1991,12,17,31,39,47,49,27,0,
20/06/1991,02,14,22,33,47,48,01,4,
15/06/1991,23,27,32,36,39,42,18,,
13/06/1991,06,16,21,25,32,46,47,,
6/06/1991,05,10,18,22,28,39,19,,
30/05/1991,18,21,25,29,30,45,27,,
23/05/1991,22,32,36,40,41,43,34,,
16/05/1991,03,05,23,36,37,49,34,,
9/05/1991,14,21,23,26,37,44,27,,
2/05/1991,03,12,23,25,31,43,24,,
25/04/1991,03,15,19,26,31,35,48,,
18/04/1991,12,13,22,25,31,37,09,,
11/04/1991,01,08,16,19,22,37,10,,
4/04/1991,03,04,15,20,34,38,02,,
28/03/1991,06,08,19,34,46,47,11,,
21/03/1991,11,12,20,36,39,45,31,,
14/03/1991,02,29,31,38,42,45,46,,
7/03/1991,05,13,21,43,46,47,12,,
28/02/1991,04,18,29,31,32,46,24,,
21/02/1991,09,13,17,38,39,43,15,,
14/02/1991,04,05,14,26,34,40,32,,
7/02/1991,02,05,14,21,27,38,48,,
31/01/1991,02,20,25,33,38,45,18,,
24/01/1991,06,07,11,33,35,44,41,,
17/01/1991,23,31,35,41,43,49,37,,
10/01/1991,13,24,28,29,36,42,43,,
3/01/1991,05,06,13,25,41,48,17,,
27/12/1990,05,14,20,21,22,28,37,,
20/12/1990,12,17,22,31,37,44,25,,
13/12/1990,14,15,22,25,28,32,08,,
6/12/1990,05,14,29,30,41,45,11,,
29/11/1990,09,23,25,27,34,40,37,,
22/11/1990,05,09,22,24,36,40,42,,
15/11/1990,19,22,23,27,28,29,49,,
8/11/1990,06,08,38,41,43,46,40,,
1/11/1990,01,05,21,28,35,37,42,,
25/10/1990,04,10,38,39,43,47,45,,
18/10/1990,07,13,22,34,40,42,35,,
11/10/1990,27,30,33,39,40,43,48,,
4/10/1990,04,07,19,33,35,44,48,,
27/09/1990,05,16,26,37,39,46,20,,
20/09/1990,07,13,15,19,28,46,47,,
13/09/1990,26,27,29,37,48,49,17,,
6/09/1990,11,12,30,39,44,45,16,,
30/08/1990,12,19,34,38,41,46,20,,
25/08/1990,22,23,24,29,35,38,02,,
23/08/1990,08,11,13,18,27,34,47,,
18/08/1990,06,09,26,29,41,46,18,,
16/08/1990,01,04,23,37,38,43,41,,
11/08/1990,06,12,18,23,45,48,17,,
9/08/1990,09,13,16,17,27,38,04,,
4/08/1990,06,13,23,27,29,38,14,,
2/08/1990,08,10,25,28,35,37,20,,
28/07/1990,02,07,11,32,33,34,16,,
26/07/1990,15,17,37,39,41,43,49,,
21/07/1990,12,14,18,26,40,44,05,,
19/07/1990,15,18,22,30,37,40,41,,
14/07/1990,17,24,27,30,31,41,18,,
12/07/1990,08,24,25,36,39,42,03,,
7/07/1990,03,04,06,16,26,40,05,,
5/07/1990,03,10,14,24,25,38,44,,
30/06/1990,06,17,19,20,34,46,14,,
28/06/1990,08,16,19,23,38,43,06,,
23/06/1990,03,11,15,22,34,38,36,,
21/06/1990,10,13,22,23,33,34,39,,
16/06/1990,12,18,23,25,33,35,15,,
14/06/1990,15,22,25,28,44,45,17,,
9/06/1990,02,04,13,22,38,48,43,,
7/06/1990,20,23,25,27,34,49,13,,
2/06/1990,11,31,38,43,46,47,10,,
31/05/1990,12,22,32,37,39,47,30,,
26/05/1990,01,11,25,33,37,40,02,,
24/05/1990,02,11,17,30,40,45,14,,
19/05/1990,16,23,25,26,43,49,08,,
17/05/1990,11,19,34,36,39,44,05,,
10/05/1990,05,13,25,31,33,48,18,,
3/05/1990,16,28,30,36,40,47,29,,
26/04/1990,14,20,29,31,37,45,44,,
19/04/1990,06,15,22,28,32,33,20,,
12/04/1990,02,04,19,27,31,40,38,,
5/04/1990,05,20,23,40,42,46,31,,
29/03/1990,02,14,19,34,36,37,33,,
22/03/1990,01,03,08,11,39,43,46,,
15/03/1990,12,24,32,40,41,46,18,,
8/03/1990,02,10,20,22,28,40,35,,
1/03/1990,07,17,33,39,45,47,13,,
22/02/1990,12,14,16,29,33,38,40,,
15/02/1990,11,12,17,22,23,30,38,,
8/02/1990,17,19,26,29,38,49,18,,
1/02/1990,16,21,25,26,37,49,24,,
25/01/1990,09,11,12,23,36,44,27,,
18/01/1990,06,22,30,32,45,47,43,,
11/01/1990,08,09,14,16,23,38,12,,
4/01/1990,03,18,23,31,36,48,39,,
28/12/1989,07,20,21,30,31,44,13,,
21/12/1989,09,15,21,39,42,47,05,,
14/12/1989,11,15,18,19,20,21,01,,
7/12/1989,13,26,30,39,41,47,10,,
30/11/1989,18,20,21,27,46,47,14,,
23/11/1989,01,19,24,30,33,34,44,,
16/11/1989,03,11,18,25,32,34,37,,
9/11/1989,04,06,33,37,41,48,15,,
2/11/1989,05,06,07,16,19,29,34,,
26/10/1989,01,27,37,40,41,47,17,,
19/10/1989,03,05,06,23,24,34,28,,
12/10/1989,03,05,23,24,38,47,31,,
5/10/1989,01,02,05,16,33,49,12,,
28/09/1989,16,21,23,30,35,45,20,,
21/09/1989,12,26,31,37,40,45,08,,
14/09/1989,06,22,24,25,38,42,04,,
7/09/1989,01,05,18,24,33,39,27,,
31/08/1989,02,20,22,35,43,44,40,,
24/08/1989,11,18,19,22,25,30,49,,
17/08/1989,02,04,07,25,28,45,05,,
10/08/1989,05,16,31,34,39,40,12,,
3/08/1989,03,07,14,23,24,28,29,,
27/07/1989,08,12,17,28,34,36,15,,
20/07/1989,22,23,30,35,37,41,09,,
13/07/1989,05,28,41,45,46,47,07,,
6/07/1989,01,02,04,05,13,31,23,,
29/06/1989,20,21,23,41,43,45,10,,
22/06/1989,01,15,22,27,45,46,29,,
15/06/1989,19,21,23,24,32,43,08,,
8/06/1989,14,18,29,36,37,42,21,,
1/06/1989,13,19,23,27,31,46,48,,
25/05/1989,01,03,17,20,34,41,28,,
18/05/1989,09,23,25,33,37,39,46,,
11/05/1989,06,18,20,40,42,44,49,,
4/05/1989,22,24,35,38,40,42,08,,
27/04/1989,01,16,20,26,47,49,41,,
20/04/1989,04,08,09,30,37,48,39,,
13/04/1989,20,21,36,39,40,45,30,,
6/04/1989,05,06,08,09,21,43,28,,
30/03/1989,06,16,20,23,24,32,45,,
23/03/1989,22,28,31,32,34,47,02,,
16/03/1989,16,19,23,32,38,39,04,,
9/03/1989,01,03,07,17,18,32,04,,
2/03/1989,09,13,15,29,41,46,25,,
23/02/1989,09,35,43,45,47,49,02,,
16/02/1989,03,04,13,18,26,48,46,,
9/02/1989,01,06,18,20,23,26,22,,
2/02/1989,04,17,19,20,25,31,29,,
26/01/1989,11,19,23,31,33,47,37,,
19/01/1989,04,17,20,27,34,36,16,,
12/01/1989,11,16,20,29,41,45,39,,
5/01/1989,21,27,37,39,42,44,18,,
29/12/1988,13,17,36,39,46,48,35,,
22/12/1988,24,26,27,32,38,42,09,,
15/12/1988,04,10,11,25,37,38,42,,
8/12/1988,08,18,31,36,45,49,28,,
1/12/1988,05,08,19,21,22,40,41,,
24/11/1988,10,17,18,19,24,49,23,,
17/11/1988,01,06,07,22,40,48,13,,
10/11/1988,08,09,24,26,35,41,30,,
3/11/1988,09,17,20,30,35,39,27,,
27/10/1988,01,04,22,26,29,48,36,,
20/10/1988,05,15,25,26,36,46,44,,
13/10/1988,03,13,22,33,43,46,02,,
6/10/1988,02,03,09,16,19,41,40,,
29/09/1988,05,09,33,35,43,47,32,,
22/09/1988,12,14,24,30,39,46,20,,
15/09/1988,12,19,23,38,39,41,20,,
8/09/1988,23,25,28,39,42,47,15,,
1/09/1988,07,12,15,18,22,46,30,,
25/08/1988,01,04,06,19,23,27,17,,
18/08/1988,05,07,12,14,21,32,39,,
11/08/1988,19,23,31,36,39,45,18,,
4/08/1988,04,07,12,13,30,40,45,,
28/07/1988,05,13,26,32,39,42,44,,
21/07/1988,02,08,09,16,43,47,41,,
14/07/1988,05,07,11,20,32,35,48,,
7/07/1988,15,22,25,28,34,44,27,,
30/06/1988,26,29,35,36,41,43,04,,
23/06/1988,01,04,07,24,39,45,32,,
16/06/1988,02,10,11,37,40,46,43,,
9/06/1988,14,15,19,42,47,48,43,,
2/06/1988,04,12,23,29,32,44,05,,
26/05/1988,04,11,24,31,37,43,17,,
19/05/1988,22,28,38,42,44,45,47,,
12/05/1988,07,29,34,35,42,45,24,,
5/05/1988,08,09,17,21,29,48,36,,
28/04/1988,09,11,13,19,43,44,12,,
21/04/1988,10,14,17,27,32,48,47,,
14/04/1988,05,09,10,36,37,44,18,,
7/04/1988,06,08,20,24,28,47,21,,
31/03/1988,04,17,26,28,31,32,12,,
24/03/1988,11,19,22,23,36,40,07,,
17/03/1988,10,12,17,19,31,39,42,,
10/03/1988,06,09,21,27,28,47,15,,
3/03/1988,01,02,11,13,23,40,49,,
25/02/1988,04,06,16,36,40,45,31,,
18/02/1988,03,27,38,39,42,45,25,,
11/02/1988,13,19,25,41,48,49,42,,
4/02/1988,05,08,17,18,45,47,23,,
28/01/1988,01,14,16,25,28,41,12,,
21/01/1988,02,03,10,24,38,43,32,,
14/01/1988,03,05,10,14,36,41,20,,
7/01/1988,01,04,38,39,41,43,48,,
31/12/1987,08,11,18,27,33,38,32,,
24/12/1987,01,04,11,15,16,49,46,,
17/12/1987,18,30,35,40,46,49,05,,
10/12/1987,02,05,12,22,24,42,04,,
3/12/1987,05,07,08,12,21,27,48,,
26/11/1987,07,13,14,21,42,47,27,,
19/11/1987,02,21,30,33,35,41,14,,
12/11/1987,11,20,24,31,32,41,25,,
5/11/1987,05,15,22,35,37,49,25,,
29/10/1987,16,17,24,26,40,41,05,,
22/10/1987,03,15,30,35,40,43,01,,
15/10/1987,06,12,22,28,32,45,36,,
8/10/1987,04,07,10,30,41,46,28,,
1/10/1987,08,12,25,33,48,49,32,,
24/09/1987,05,11,30,39,41,47,06,,
17/09/1987,08,09,23,35,45,47,34,,
10/09/1987,19,24,29,34,38,48,12,,
3/09/1987,07,09,26,36,44,48,02,,
27/08/1987,02,03,04,06,38,43,20,,
20/08/1987,09,13,21,24,35,38,48,,
13/08/1987,06,23,34,39,45,48,20,,
6/08/1987,13,19,35,42,43,49,25,,
30/07/1987,04,15,27,37,47,49,09,,
23/07/1987,04,05,25,29,34,44,26,,
16/07/1987,08,18,25,26,29,47,02,,
9/07/1987,15,16,19,32,36,38,37,,
2/07/1987,11,15,21,25,36,39,42,,
25/06/1987,12,13,15,22,24,44,32,,
18/06/1987,01,03,07,24,29,48,02,,
11/06/1987,10,20,29,31,38,45,11,,
4/06/1987,03,08,21,24,44,45,09,,
28/05/1987,01,02,07,21,32,33,49,,
21/05/1987,06,12,21,25,37,38,13,,
14/05/1987,01,06,32,33,46,47,08,,
7/05/1987,12,33,34,36,39,40,16,,
30/04/1987,12,14,16,32,41,48,29,,
23/04/1987,09,24,26,33,40,44,48,,
16/04/1987,08,09,24,25,41,46,36,,
9/04/1987,04,22,26,31,36,38,03,,
2/04/1987,10,13,19,27,38,43,35,,
26/03/1987,03,12,18,25,26,49,02,,
19/03/1987,04,06,08,14,30,49,39,,
12/03/1987,06,11,19,36,41,48,14,,
5/03/1987,05,12,17,19,28,32,21,,
26/02/1987,06,15,19,20,38,45,42,,
19/02/1987,02,14,15,17,22,37,48,,
12/02/1987,02,04,07,16,24,38,25,,
5/02/1987,12,15,18,25,31,33,09,,
29/01/1987,06,16,24,26,36,42,14,,
22/01/1987,28,33,34,35,44,45,37,,
15/01/1987,07,08,23,28,29,42,40,,
8/01/1987,13,15,16,21,33,46,18,,
1/01/1987,03,07,09,24,28,41,49,,
18/12/1986,10,16,17,22,39,48,15,,
11/12/1986,05,25,39,41,43,45,18,,
4/12/1986,02,06,09,10,24,48,11,,
27/11/1986,04,20,25,37,41,46,31,,
20/11/1986,03,04,10,19,23,30,26,,
13/11/1986,01,06,26,30,41,43,18,,
6/11/1986,17,22,28,40,42,46,27,,
30/10/1986,01,10,26,34,42,48,11,,
23/10/1986,02,12,21,30,35,48,42,,
16/10/1986,16,21,34,37,42,49,06,,
9/10/1986,07,11,23,26,35,46,31,,
2/10/1986,02,11,25,40,41,43,23,,
25/09/1986,08,21,28,38,43,46,29,,
18/09/1986,15,25,31,35,36,43,46,,
11/09/1986,02,03,20,24,30,43,34,,
4/09/1986,04,09,18,27,37,39,12,,
28/08/1986,03,24,25,28,37,41,08,,
21/08/1986,15,21,22,30,34,37,08,,
14/08/1986,30,34,38,43,47,48,11,,
7/08/1986,03,05,16,35,45,46,48,,
31/07/1986,12,14,15,21,35,43,18,,
24/07/1986,03,19,33,41,47,48,26,,
17/07/1986,16,19,24,37,38,49,28,,
10/07/1986,01,29,30,34,38,48,23,,
3/07/1986,08,14,19,41,44,45,39,,
26/06/1986,09,14,15,25,36,38,47,,
19/06/1986,01,11,26,36,45,47,12,,
12/06/1986,01,08,13,15,32,36,26,,
5/06/1986,02,05,18,21,30,31,39,,
29/05/1986,01,12,15,25,44,45,20,,
22/05/1986,02,09,16,18,44,46,14,,
15/05/1986,05,10,15,30,36,37,03,,
8/05/1986,02,20,21,31,36,49,18,,
1/05/1986,01,06,22,35,47,49,29,,
24/04/1986,11,21,34,36,41,44,27,,
17/04/1986,06,12,26,33,35,45,47,,
10/04/1986,06,12,21,23,35,41,30,,
3/04/1986,01,07,16,20,36,38,48,,
27/03/1986,11,20,22,40,41,46,04,,
20/03/1986,11,25,31,35,41,45,14,,
13/03/1986,01,04,12,13,38,45,32,,
6/03/1986,04,10,15,34,35,36,06,,
27/02/1986,03,26,28,31,46,49,27,,
20/02/1986,15,18,39,42,43,49,48,,
13/02/1986,05,18,21,28,35,48,11,,
6/02/1986,13,14,23,41,47,48,30,,
30/01/1986,20,25,35,42,45,46,17,,
23/01/1986,09,17,35,37,38,46,02,,
16/01/1986,02,14,32,36,41,48,44,,
9/01/1986,02,06,08,10,30,48,41,,
2/01/1986,16,18,38,43,44,47,39,,
19/12/1985,05,28,30,34,39,44,15,,
12/12/1985,02,05,07,43,48,49,11,,
5/12/1985,04,14,23,27,30,40,12,,
28/11/1985,09,17,20,34,41,47,11,,
21/11/1985,06,15,35,44,46,48,38,,
14/11/1985,19,22,34,36,37,43,38,,
7/11/1985,02,09,14,19,34,43,49,,
31/10/1985,10,14,29,33,46,48,30,,
24/10/1985,05,16,18,29,43,44,02,,
17/10/1985,03,11,13,15,34,35,27,,